# id	prompt_file	continuation_file	response_file
case_0056	bench/fidelity/manifest-1k/prompts/case_0056.txt	bench/fidelity/manifest-1k/continuations/case_0056.txt	
case_0626	bench/fidelity/manifest-1k/prompts/case_0626.txt	bench/fidelity/manifest-1k/continuations/case_0626.txt	
case_0496	bench/fidelity/manifest-1k/prompts/case_0496.txt	bench/fidelity/manifest-1k/continuations/case_0496.txt	
case_0827	bench/fidelity/manifest-1k/prompts/case_0827.txt	bench/fidelity/manifest-1k/continuations/case_0827.txt	
case_0677	bench/fidelity/manifest-1k/prompts/case_0677.txt	bench/fidelity/manifest-1k/continuations/case_0677.txt	
case_0076	bench/fidelity/manifest-1k/prompts/case_0076.txt	bench/fidelity/manifest-1k/continuations/case_0076.txt	
case_0018	bench/fidelity/manifest-1k/prompts/case_0018.txt	bench/fidelity/manifest-1k/continuations/case_0018.txt	
case_0250	bench/fidelity/manifest-1k/prompts/case_0250.txt	bench/fidelity/manifest-1k/continuations/case_0250.txt	
case_0432	bench/fidelity/manifest-1k/prompts/case_0432.txt	bench/fidelity/manifest-1k/continuations/case_0432.txt	
case_0603	bench/fidelity/manifest-1k/prompts/case_0603.txt	bench/fidelity/manifest-1k/continuations/case_0603.txt	
case_0090	bench/fidelity/manifest-1k/prompts/case_0090.txt	bench/fidelity/manifest-1k/continuations/case_0090.txt	
case_0394	bench/fidelity/manifest-1k/prompts/case_0394.txt	bench/fidelity/manifest-1k/continuations/case_0394.txt	
case_0026	bench/fidelity/manifest-1k/prompts/case_0026.txt	bench/fidelity/manifest-1k/continuations/case_0026.txt	
case_0618	bench/fidelity/manifest-1k/prompts/case_0618.txt	bench/fidelity/manifest-1k/continuations/case_0618.txt	
case_0379	bench/fidelity/manifest-1k/prompts/case_0379.txt	bench/fidelity/manifest-1k/continuations/case_0379.txt	
case_0395	bench/fidelity/manifest-1k/prompts/case_0395.txt	bench/fidelity/manifest-1k/continuations/case_0395.txt	
case_0481	bench/fidelity/manifest-1k/prompts/case_0481.txt	bench/fidelity/manifest-1k/continuations/case_0481.txt	
case_0218	bench/fidelity/manifest-1k/prompts/case_0218.txt	bench/fidelity/manifest-1k/continuations/case_0218.txt	
case_0738	bench/fidelity/manifest-1k/prompts/case_0738.txt	bench/fidelity/manifest-1k/continuations/case_0738.txt	
case_0203	bench/fidelity/manifest-1k/prompts/case_0203.txt	bench/fidelity/manifest-1k/continuations/case_0203.txt	
case_0269	bench/fidelity/manifest-1k/prompts/case_0269.txt	bench/fidelity/manifest-1k/continuations/case_0269.txt	
case_0578	bench/fidelity/manifest-1k/prompts/case_0578.txt	bench/fidelity/manifest-1k/continuations/case_0578.txt	
case_0742	bench/fidelity/manifest-1k/prompts/case_0742.txt	bench/fidelity/manifest-1k/continuations/case_0742.txt	
case_0634	bench/fidelity/manifest-1k/prompts/case_0634.txt	bench/fidelity/manifest-1k/continuations/case_0634.txt	
case_0340	bench/fidelity/manifest-1k/prompts/case_0340.txt	bench/fidelity/manifest-1k/continuations/case_0340.txt	
case_0348	bench/fidelity/manifest-1k/prompts/case_0348.txt	bench/fidelity/manifest-1k/continuations/case_0348.txt	
case_0790	bench/fidelity/manifest-1k/prompts/case_0790.txt	bench/fidelity/manifest-1k/continuations/case_0790.txt	
case_0329	bench/fidelity/manifest-1k/prompts/case_0329.txt	bench/fidelity/manifest-1k/continuations/case_0329.txt	
case_0663	bench/fidelity/manifest-1k/prompts/case_0663.txt	bench/fidelity/manifest-1k/continuations/case_0663.txt	
case_0745	bench/fidelity/manifest-1k/prompts/case_0745.txt	bench/fidelity/manifest-1k/continuations/case_0745.txt	
case_0470	bench/fidelity/manifest-1k/prompts/case_0470.txt	bench/fidelity/manifest-1k/continuations/case_0470.txt	
case_0057	bench/fidelity/manifest-1k/prompts/case_0057.txt	bench/fidelity/manifest-1k/continuations/case_0057.txt	
case_0029	bench/fidelity/manifest-1k/prompts/case_0029.txt	bench/fidelity/manifest-1k/continuations/case_0029.txt	
case_0421	bench/fidelity/manifest-1k/prompts/case_0421.txt	bench/fidelity/manifest-1k/continuations/case_0421.txt	
case_0792	bench/fidelity/manifest-1k/prompts/case_0792.txt	bench/fidelity/manifest-1k/continuations/case_0792.txt	
case_0360	bench/fidelity/manifest-1k/prompts/case_0360.txt	bench/fidelity/manifest-1k/continuations/case_0360.txt	
case_0422	bench/fidelity/manifest-1k/prompts/case_0422.txt	bench/fidelity/manifest-1k/continuations/case_0422.txt	
case_0373	bench/fidelity/manifest-1k/prompts/case_0373.txt	bench/fidelity/manifest-1k/continuations/case_0373.txt	
case_0114	bench/fidelity/manifest-1k/prompts/case_0114.txt	bench/fidelity/manifest-1k/continuations/case_0114.txt	
case_0705	bench/fidelity/manifest-1k/prompts/case_0705.txt	bench/fidelity/manifest-1k/continuations/case_0705.txt	
case_0646	bench/fidelity/manifest-1k/prompts/case_0646.txt	bench/fidelity/manifest-1k/continuations/case_0646.txt	
case_0103	bench/fidelity/manifest-1k/prompts/case_0103.txt	bench/fidelity/manifest-1k/continuations/case_0103.txt	
case_0736	bench/fidelity/manifest-1k/prompts/case_0736.txt	bench/fidelity/manifest-1k/continuations/case_0736.txt	
case_0673	bench/fidelity/manifest-1k/prompts/case_0673.txt	bench/fidelity/manifest-1k/continuations/case_0673.txt	
case_0782	bench/fidelity/manifest-1k/prompts/case_0782.txt	bench/fidelity/manifest-1k/continuations/case_0782.txt	
case_0178	bench/fidelity/manifest-1k/prompts/case_0178.txt	bench/fidelity/manifest-1k/continuations/case_0178.txt	
case_0725	bench/fidelity/manifest-1k/prompts/case_0725.txt	bench/fidelity/manifest-1k/continuations/case_0725.txt	
case_0679	bench/fidelity/manifest-1k/prompts/case_0679.txt	bench/fidelity/manifest-1k/continuations/case_0679.txt	
case_0266	bench/fidelity/manifest-1k/prompts/case_0266.txt	bench/fidelity/manifest-1k/continuations/case_0266.txt	
case_0326	bench/fidelity/manifest-1k/prompts/case_0326.txt	bench/fidelity/manifest-1k/continuations/case_0326.txt	
case_0185	bench/fidelity/manifest-1k/prompts/case_0185.txt	bench/fidelity/manifest-1k/continuations/case_0185.txt	
case_0109	bench/fidelity/manifest-1k/prompts/case_0109.txt	bench/fidelity/manifest-1k/continuations/case_0109.txt	
case_0262	bench/fidelity/manifest-1k/prompts/case_0262.txt	bench/fidelity/manifest-1k/continuations/case_0262.txt	
case_0200	bench/fidelity/manifest-1k/prompts/case_0200.txt	bench/fidelity/manifest-1k/continuations/case_0200.txt	
case_0793	bench/fidelity/manifest-1k/prompts/case_0793.txt	bench/fidelity/manifest-1k/continuations/case_0793.txt	
case_0197	bench/fidelity/manifest-1k/prompts/case_0197.txt	bench/fidelity/manifest-1k/continuations/case_0197.txt	
case_0023	bench/fidelity/manifest-1k/prompts/case_0023.txt	bench/fidelity/manifest-1k/continuations/case_0023.txt	
case_0661	bench/fidelity/manifest-1k/prompts/case_0661.txt	bench/fidelity/manifest-1k/continuations/case_0661.txt	
case_0321	bench/fidelity/manifest-1k/prompts/case_0321.txt	bench/fidelity/manifest-1k/continuations/case_0321.txt	
case_0682	bench/fidelity/manifest-1k/prompts/case_0682.txt	bench/fidelity/manifest-1k/continuations/case_0682.txt	
case_0753	bench/fidelity/manifest-1k/prompts/case_0753.txt	bench/fidelity/manifest-1k/continuations/case_0753.txt	
case_0455	bench/fidelity/manifest-1k/prompts/case_0455.txt	bench/fidelity/manifest-1k/continuations/case_0455.txt	
case_0864	bench/fidelity/manifest-1k/prompts/case_0864.txt	bench/fidelity/manifest-1k/continuations/case_0864.txt	
case_0545	bench/fidelity/manifest-1k/prompts/case_0545.txt	bench/fidelity/manifest-1k/continuations/case_0545.txt	
case_0053	bench/fidelity/manifest-1k/prompts/case_0053.txt	bench/fidelity/manifest-1k/continuations/case_0053.txt	
case_0693	bench/fidelity/manifest-1k/prompts/case_0693.txt	bench/fidelity/manifest-1k/continuations/case_0693.txt	
case_0604	bench/fidelity/manifest-1k/prompts/case_0604.txt	bench/fidelity/manifest-1k/continuations/case_0604.txt	
case_0213	bench/fidelity/manifest-1k/prompts/case_0213.txt	bench/fidelity/manifest-1k/continuations/case_0213.txt	
case_0122	bench/fidelity/manifest-1k/prompts/case_0122.txt	bench/fidelity/manifest-1k/continuations/case_0122.txt	
case_0221	bench/fidelity/manifest-1k/prompts/case_0221.txt	bench/fidelity/manifest-1k/continuations/case_0221.txt	
case_0862	bench/fidelity/manifest-1k/prompts/case_0862.txt	bench/fidelity/manifest-1k/continuations/case_0862.txt	
case_0769	bench/fidelity/manifest-1k/prompts/case_0769.txt	bench/fidelity/manifest-1k/continuations/case_0769.txt	
case_0074	bench/fidelity/manifest-1k/prompts/case_0074.txt	bench/fidelity/manifest-1k/continuations/case_0074.txt	
case_0267	bench/fidelity/manifest-1k/prompts/case_0267.txt	bench/fidelity/manifest-1k/continuations/case_0267.txt	
case_0317	bench/fidelity/manifest-1k/prompts/case_0317.txt	bench/fidelity/manifest-1k/continuations/case_0317.txt	
case_0391	bench/fidelity/manifest-1k/prompts/case_0391.txt	bench/fidelity/manifest-1k/continuations/case_0391.txt	
case_0411	bench/fidelity/manifest-1k/prompts/case_0411.txt	bench/fidelity/manifest-1k/continuations/case_0411.txt	
case_0859	bench/fidelity/manifest-1k/prompts/case_0859.txt	bench/fidelity/manifest-1k/continuations/case_0859.txt	
case_0254	bench/fidelity/manifest-1k/prompts/case_0254.txt	bench/fidelity/manifest-1k/continuations/case_0254.txt	
case_0067	bench/fidelity/manifest-1k/prompts/case_0067.txt	bench/fidelity/manifest-1k/continuations/case_0067.txt	
case_0583	bench/fidelity/manifest-1k/prompts/case_0583.txt	bench/fidelity/manifest-1k/continuations/case_0583.txt	
case_0264	bench/fidelity/manifest-1k/prompts/case_0264.txt	bench/fidelity/manifest-1k/continuations/case_0264.txt	
case_0845	bench/fidelity/manifest-1k/prompts/case_0845.txt	bench/fidelity/manifest-1k/continuations/case_0845.txt	
case_0182	bench/fidelity/manifest-1k/prompts/case_0182.txt	bench/fidelity/manifest-1k/continuations/case_0182.txt	
case_0761	bench/fidelity/manifest-1k/prompts/case_0761.txt	bench/fidelity/manifest-1k/continuations/case_0761.txt	
case_0858	bench/fidelity/manifest-1k/prompts/case_0858.txt	bench/fidelity/manifest-1k/continuations/case_0858.txt	
case_0694	bench/fidelity/manifest-1k/prompts/case_0694.txt	bench/fidelity/manifest-1k/continuations/case_0694.txt	
case_0816	bench/fidelity/manifest-1k/prompts/case_0816.txt	bench/fidelity/manifest-1k/continuations/case_0816.txt	
case_0177	bench/fidelity/manifest-1k/prompts/case_0177.txt	bench/fidelity/manifest-1k/continuations/case_0177.txt	
case_0072	bench/fidelity/manifest-1k/prompts/case_0072.txt	bench/fidelity/manifest-1k/continuations/case_0072.txt	
case_0812	bench/fidelity/manifest-1k/prompts/case_0812.txt	bench/fidelity/manifest-1k/continuations/case_0812.txt	
case_0795	bench/fidelity/manifest-1k/prompts/case_0795.txt	bench/fidelity/manifest-1k/continuations/case_0795.txt	
case_0346	bench/fidelity/manifest-1k/prompts/case_0346.txt	bench/fidelity/manifest-1k/continuations/case_0346.txt	
case_0765	bench/fidelity/manifest-1k/prompts/case_0765.txt	bench/fidelity/manifest-1k/continuations/case_0765.txt	
case_0157	bench/fidelity/manifest-1k/prompts/case_0157.txt	bench/fidelity/manifest-1k/continuations/case_0157.txt	
case_0536	bench/fidelity/manifest-1k/prompts/case_0536.txt	bench/fidelity/manifest-1k/continuations/case_0536.txt	
case_0035	bench/fidelity/manifest-1k/prompts/case_0035.txt	bench/fidelity/manifest-1k/continuations/case_0035.txt	
case_0772	bench/fidelity/manifest-1k/prompts/case_0772.txt	bench/fidelity/manifest-1k/continuations/case_0772.txt	
case_0150	bench/fidelity/manifest-1k/prompts/case_0150.txt	bench/fidelity/manifest-1k/continuations/case_0150.txt	
case_0024	bench/fidelity/manifest-1k/prompts/case_0024.txt	bench/fidelity/manifest-1k/continuations/case_0024.txt	
case_0594	bench/fidelity/manifest-1k/prompts/case_0594.txt	bench/fidelity/manifest-1k/continuations/case_0594.txt	
case_0159	bench/fidelity/manifest-1k/prompts/case_0159.txt	bench/fidelity/manifest-1k/continuations/case_0159.txt	
case_0703	bench/fidelity/manifest-1k/prompts/case_0703.txt	bench/fidelity/manifest-1k/continuations/case_0703.txt	
case_0093	bench/fidelity/manifest-1k/prompts/case_0093.txt	bench/fidelity/manifest-1k/continuations/case_0093.txt	
case_0511	bench/fidelity/manifest-1k/prompts/case_0511.txt	bench/fidelity/manifest-1k/continuations/case_0511.txt	
case_0696	bench/fidelity/manifest-1k/prompts/case_0696.txt	bench/fidelity/manifest-1k/continuations/case_0696.txt	
case_0050	bench/fidelity/manifest-1k/prompts/case_0050.txt	bench/fidelity/manifest-1k/continuations/case_0050.txt	
case_0447	bench/fidelity/manifest-1k/prompts/case_0447.txt	bench/fidelity/manifest-1k/continuations/case_0447.txt	
case_0244	bench/fidelity/manifest-1k/prompts/case_0244.txt	bench/fidelity/manifest-1k/continuations/case_0244.txt	
case_0485	bench/fidelity/manifest-1k/prompts/case_0485.txt	bench/fidelity/manifest-1k/continuations/case_0485.txt	
case_0721	bench/fidelity/manifest-1k/prompts/case_0721.txt	bench/fidelity/manifest-1k/continuations/case_0721.txt	
case_0014	bench/fidelity/manifest-1k/prompts/case_0014.txt	bench/fidelity/manifest-1k/continuations/case_0014.txt	
case_0770	bench/fidelity/manifest-1k/prompts/case_0770.txt	bench/fidelity/manifest-1k/continuations/case_0770.txt	
case_0852	bench/fidelity/manifest-1k/prompts/case_0852.txt	bench/fidelity/manifest-1k/continuations/case_0852.txt	
case_0822	bench/fidelity/manifest-1k/prompts/case_0822.txt	bench/fidelity/manifest-1k/continuations/case_0822.txt	
case_0817	bench/fidelity/manifest-1k/prompts/case_0817.txt	bench/fidelity/manifest-1k/continuations/case_0817.txt	
case_0730	bench/fidelity/manifest-1k/prompts/case_0730.txt	bench/fidelity/manifest-1k/continuations/case_0730.txt	
case_0726	bench/fidelity/manifest-1k/prompts/case_0726.txt	bench/fidelity/manifest-1k/continuations/case_0726.txt	
case_0617	bench/fidelity/manifest-1k/prompts/case_0617.txt	bench/fidelity/manifest-1k/continuations/case_0617.txt	
case_0484	bench/fidelity/manifest-1k/prompts/case_0484.txt	bench/fidelity/manifest-1k/continuations/case_0484.txt	
case_0199	bench/fidelity/manifest-1k/prompts/case_0199.txt	bench/fidelity/manifest-1k/continuations/case_0199.txt	
case_0491	bench/fidelity/manifest-1k/prompts/case_0491.txt	bench/fidelity/manifest-1k/continuations/case_0491.txt	
case_0509	bench/fidelity/manifest-1k/prompts/case_0509.txt	bench/fidelity/manifest-1k/continuations/case_0509.txt	
case_0543	bench/fidelity/manifest-1k/prompts/case_0543.txt	bench/fidelity/manifest-1k/continuations/case_0543.txt	
case_0007	bench/fidelity/manifest-1k/prompts/case_0007.txt	bench/fidelity/manifest-1k/continuations/case_0007.txt	
case_0133	bench/fidelity/manifest-1k/prompts/case_0133.txt	bench/fidelity/manifest-1k/continuations/case_0133.txt	
case_0187	bench/fidelity/manifest-1k/prompts/case_0187.txt	bench/fidelity/manifest-1k/continuations/case_0187.txt	
case_0743	bench/fidelity/manifest-1k/prompts/case_0743.txt	bench/fidelity/manifest-1k/continuations/case_0743.txt	
case_0537	bench/fidelity/manifest-1k/prompts/case_0537.txt	bench/fidelity/manifest-1k/continuations/case_0537.txt	
case_0786	bench/fidelity/manifest-1k/prompts/case_0786.txt	bench/fidelity/manifest-1k/continuations/case_0786.txt	
case_0440	bench/fidelity/manifest-1k/prompts/case_0440.txt	bench/fidelity/manifest-1k/continuations/case_0440.txt	
case_0172	bench/fidelity/manifest-1k/prompts/case_0172.txt	bench/fidelity/manifest-1k/continuations/case_0172.txt	
case_0237	bench/fidelity/manifest-1k/prompts/case_0237.txt	bench/fidelity/manifest-1k/continuations/case_0237.txt	
case_0567	bench/fidelity/manifest-1k/prompts/case_0567.txt	bench/fidelity/manifest-1k/continuations/case_0567.txt	
case_0718	bench/fidelity/manifest-1k/prompts/case_0718.txt	bench/fidelity/manifest-1k/continuations/case_0718.txt	
case_0139	bench/fidelity/manifest-1k/prompts/case_0139.txt	bench/fidelity/manifest-1k/continuations/case_0139.txt	
case_0506	bench/fidelity/manifest-1k/prompts/case_0506.txt	bench/fidelity/manifest-1k/continuations/case_0506.txt	
case_0480	bench/fidelity/manifest-1k/prompts/case_0480.txt	bench/fidelity/manifest-1k/continuations/case_0480.txt	
case_0475	bench/fidelity/manifest-1k/prompts/case_0475.txt	bench/fidelity/manifest-1k/continuations/case_0475.txt	
case_0818	bench/fidelity/manifest-1k/prompts/case_0818.txt	bench/fidelity/manifest-1k/continuations/case_0818.txt	
case_0713	bench/fidelity/manifest-1k/prompts/case_0713.txt	bench/fidelity/manifest-1k/continuations/case_0713.txt	
case_0888	bench/fidelity/manifest-1k/prompts/case_0888.txt	bench/fidelity/manifest-1k/continuations/case_0888.txt	
case_0650	bench/fidelity/manifest-1k/prompts/case_0650.txt	bench/fidelity/manifest-1k/continuations/case_0650.txt	
case_0135	bench/fidelity/manifest-1k/prompts/case_0135.txt	bench/fidelity/manifest-1k/continuations/case_0135.txt	
case_0807	bench/fidelity/manifest-1k/prompts/case_0807.txt	bench/fidelity/manifest-1k/continuations/case_0807.txt	
case_0872	bench/fidelity/manifest-1k/prompts/case_0872.txt	bench/fidelity/manifest-1k/continuations/case_0872.txt	
case_0472	bench/fidelity/manifest-1k/prompts/case_0472.txt	bench/fidelity/manifest-1k/continuations/case_0472.txt	
case_0433	bench/fidelity/manifest-1k/prompts/case_0433.txt	bench/fidelity/manifest-1k/continuations/case_0433.txt	
case_0332	bench/fidelity/manifest-1k/prompts/case_0332.txt	bench/fidelity/manifest-1k/continuations/case_0332.txt	
case_0248	bench/fidelity/manifest-1k/prompts/case_0248.txt	bench/fidelity/manifest-1k/continuations/case_0248.txt	
case_0678	bench/fidelity/manifest-1k/prompts/case_0678.txt	bench/fidelity/manifest-1k/continuations/case_0678.txt	
case_0664	bench/fidelity/manifest-1k/prompts/case_0664.txt	bench/fidelity/manifest-1k/continuations/case_0664.txt	
case_0039	bench/fidelity/manifest-1k/prompts/case_0039.txt	bench/fidelity/manifest-1k/continuations/case_0039.txt	
case_0528	bench/fidelity/manifest-1k/prompts/case_0528.txt	bench/fidelity/manifest-1k/continuations/case_0528.txt	
case_0045	bench/fidelity/manifest-1k/prompts/case_0045.txt	bench/fidelity/manifest-1k/continuations/case_0045.txt	
case_0099	bench/fidelity/manifest-1k/prompts/case_0099.txt	bench/fidelity/manifest-1k/continuations/case_0099.txt	
case_0161	bench/fidelity/manifest-1k/prompts/case_0161.txt	bench/fidelity/manifest-1k/continuations/case_0161.txt	
case_0016	bench/fidelity/manifest-1k/prompts/case_0016.txt	bench/fidelity/manifest-1k/continuations/case_0016.txt	
case_0027	bench/fidelity/manifest-1k/prompts/case_0027.txt	bench/fidelity/manifest-1k/continuations/case_0027.txt	
case_0517	bench/fidelity/manifest-1k/prompts/case_0517.txt	bench/fidelity/manifest-1k/continuations/case_0517.txt	
case_0749	bench/fidelity/manifest-1k/prompts/case_0749.txt	bench/fidelity/manifest-1k/continuations/case_0749.txt	
case_0788	bench/fidelity/manifest-1k/prompts/case_0788.txt	bench/fidelity/manifest-1k/continuations/case_0788.txt	
case_0885	bench/fidelity/manifest-1k/prompts/case_0885.txt	bench/fidelity/manifest-1k/continuations/case_0885.txt	
case_0637	bench/fidelity/manifest-1k/prompts/case_0637.txt	bench/fidelity/manifest-1k/continuations/case_0637.txt	
case_0842	bench/fidelity/manifest-1k/prompts/case_0842.txt	bench/fidelity/manifest-1k/continuations/case_0842.txt	
case_0327	bench/fidelity/manifest-1k/prompts/case_0327.txt	bench/fidelity/manifest-1k/continuations/case_0327.txt	
case_0246	bench/fidelity/manifest-1k/prompts/case_0246.txt	bench/fidelity/manifest-1k/continuations/case_0246.txt	
case_0156	bench/fidelity/manifest-1k/prompts/case_0156.txt	bench/fidelity/manifest-1k/continuations/case_0156.txt	
case_0592	bench/fidelity/manifest-1k/prompts/case_0592.txt	bench/fidelity/manifest-1k/continuations/case_0592.txt	
case_0300	bench/fidelity/manifest-1k/prompts/case_0300.txt	bench/fidelity/manifest-1k/continuations/case_0300.txt	
case_0428	bench/fidelity/manifest-1k/prompts/case_0428.txt	bench/fidelity/manifest-1k/continuations/case_0428.txt	
case_0257	bench/fidelity/manifest-1k/prompts/case_0257.txt	bench/fidelity/manifest-1k/continuations/case_0257.txt	
case_0562	bench/fidelity/manifest-1k/prompts/case_0562.txt	bench/fidelity/manifest-1k/continuations/case_0562.txt	
case_0341	bench/fidelity/manifest-1k/prompts/case_0341.txt	bench/fidelity/manifest-1k/continuations/case_0341.txt	
case_0803	bench/fidelity/manifest-1k/prompts/case_0803.txt	bench/fidelity/manifest-1k/continuations/case_0803.txt	
case_0134	bench/fidelity/manifest-1k/prompts/case_0134.txt	bench/fidelity/manifest-1k/continuations/case_0134.txt	
case_0627	bench/fidelity/manifest-1k/prompts/case_0627.txt	bench/fidelity/manifest-1k/continuations/case_0627.txt	
case_0210	bench/fidelity/manifest-1k/prompts/case_0210.txt	bench/fidelity/manifest-1k/continuations/case_0210.txt	
case_0009	bench/fidelity/manifest-1k/prompts/case_0009.txt	bench/fidelity/manifest-1k/continuations/case_0009.txt	
case_0271	bench/fidelity/manifest-1k/prompts/case_0271.txt	bench/fidelity/manifest-1k/continuations/case_0271.txt	
case_0815	bench/fidelity/manifest-1k/prompts/case_0815.txt	bench/fidelity/manifest-1k/continuations/case_0815.txt	
case_0434	bench/fidelity/manifest-1k/prompts/case_0434.txt	bench/fidelity/manifest-1k/continuations/case_0434.txt	
case_0048	bench/fidelity/manifest-1k/prompts/case_0048.txt	bench/fidelity/manifest-1k/continuations/case_0048.txt	
case_0319	bench/fidelity/manifest-1k/prompts/case_0319.txt	bench/fidelity/manifest-1k/continuations/case_0319.txt	
case_0019	bench/fidelity/manifest-1k/prompts/case_0019.txt	bench/fidelity/manifest-1k/continuations/case_0019.txt	
case_0153	bench/fidelity/manifest-1k/prompts/case_0153.txt	bench/fidelity/manifest-1k/continuations/case_0153.txt	
case_0362	bench/fidelity/manifest-1k/prompts/case_0362.txt	bench/fidelity/manifest-1k/continuations/case_0362.txt	
case_0849	bench/fidelity/manifest-1k/prompts/case_0849.txt	bench/fidelity/manifest-1k/continuations/case_0849.txt	
case_0610	bench/fidelity/manifest-1k/prompts/case_0610.txt	bench/fidelity/manifest-1k/continuations/case_0610.txt	
case_0285	bench/fidelity/manifest-1k/prompts/case_0285.txt	bench/fidelity/manifest-1k/continuations/case_0285.txt	
case_0873	bench/fidelity/manifest-1k/prompts/case_0873.txt	bench/fidelity/manifest-1k/continuations/case_0873.txt	
case_0242	bench/fidelity/manifest-1k/prompts/case_0242.txt	bench/fidelity/manifest-1k/continuations/case_0242.txt	
case_0697	bench/fidelity/manifest-1k/prompts/case_0697.txt	bench/fidelity/manifest-1k/continuations/case_0697.txt	
case_0847	bench/fidelity/manifest-1k/prompts/case_0847.txt	bench/fidelity/manifest-1k/continuations/case_0847.txt	
case_0747	bench/fidelity/manifest-1k/prompts/case_0747.txt	bench/fidelity/manifest-1k/continuations/case_0747.txt	
case_0367	bench/fidelity/manifest-1k/prompts/case_0367.txt	bench/fidelity/manifest-1k/continuations/case_0367.txt	
case_0054	bench/fidelity/manifest-1k/prompts/case_0054.txt	bench/fidelity/manifest-1k/continuations/case_0054.txt	
case_0564	bench/fidelity/manifest-1k/prompts/case_0564.txt	bench/fidelity/manifest-1k/continuations/case_0564.txt	
case_0245	bench/fidelity/manifest-1k/prompts/case_0245.txt	bench/fidelity/manifest-1k/continuations/case_0245.txt	
case_0560	bench/fidelity/manifest-1k/prompts/case_0560.txt	bench/fidelity/manifest-1k/continuations/case_0560.txt	
case_0868	bench/fidelity/manifest-1k/prompts/case_0868.txt	bench/fidelity/manifest-1k/continuations/case_0868.txt	
case_0667	bench/fidelity/manifest-1k/prompts/case_0667.txt	bench/fidelity/manifest-1k/continuations/case_0667.txt	
case_0826	bench/fidelity/manifest-1k/prompts/case_0826.txt	bench/fidelity/manifest-1k/continuations/case_0826.txt	
case_0561	bench/fidelity/manifest-1k/prompts/case_0561.txt	bench/fidelity/manifest-1k/continuations/case_0561.txt	
case_0167	bench/fidelity/manifest-1k/prompts/case_0167.txt	bench/fidelity/manifest-1k/continuations/case_0167.txt	
case_0746	bench/fidelity/manifest-1k/prompts/case_0746.txt	bench/fidelity/manifest-1k/continuations/case_0746.txt	
case_0022	bench/fidelity/manifest-1k/prompts/case_0022.txt	bench/fidelity/manifest-1k/continuations/case_0022.txt	
case_0609	bench/fidelity/manifest-1k/prompts/case_0609.txt	bench/fidelity/manifest-1k/continuations/case_0609.txt	
case_0686	bench/fidelity/manifest-1k/prompts/case_0686.txt	bench/fidelity/manifest-1k/continuations/case_0686.txt	
case_0670	bench/fidelity/manifest-1k/prompts/case_0670.txt	bench/fidelity/manifest-1k/continuations/case_0670.txt	
case_0861	bench/fidelity/manifest-1k/prompts/case_0861.txt	bench/fidelity/manifest-1k/continuations/case_0861.txt	
case_0785	bench/fidelity/manifest-1k/prompts/case_0785.txt	bench/fidelity/manifest-1k/continuations/case_0785.txt	
case_0837	bench/fidelity/manifest-1k/prompts/case_0837.txt	bench/fidelity/manifest-1k/continuations/case_0837.txt	
case_0034	bench/fidelity/manifest-1k/prompts/case_0034.txt	bench/fidelity/manifest-1k/continuations/case_0034.txt	
case_0652	bench/fidelity/manifest-1k/prompts/case_0652.txt	bench/fidelity/manifest-1k/continuations/case_0652.txt	
case_0750	bench/fidelity/manifest-1k/prompts/case_0750.txt	bench/fidelity/manifest-1k/continuations/case_0750.txt	
case_0037	bench/fidelity/manifest-1k/prompts/case_0037.txt	bench/fidelity/manifest-1k/continuations/case_0037.txt	
case_0853	bench/fidelity/manifest-1k/prompts/case_0853.txt	bench/fidelity/manifest-1k/continuations/case_0853.txt	
case_0706	bench/fidelity/manifest-1k/prompts/case_0706.txt	bench/fidelity/manifest-1k/continuations/case_0706.txt	
case_0310	bench/fidelity/manifest-1k/prompts/case_0310.txt	bench/fidelity/manifest-1k/continuations/case_0310.txt	
case_0154	bench/fidelity/manifest-1k/prompts/case_0154.txt	bench/fidelity/manifest-1k/continuations/case_0154.txt	
case_0137	bench/fidelity/manifest-1k/prompts/case_0137.txt	bench/fidelity/manifest-1k/continuations/case_0137.txt	
case_0681	bench/fidelity/manifest-1k/prompts/case_0681.txt	bench/fidelity/manifest-1k/continuations/case_0681.txt	
case_0049	bench/fidelity/manifest-1k/prompts/case_0049.txt	bench/fidelity/manifest-1k/continuations/case_0049.txt	
case_0614	bench/fidelity/manifest-1k/prompts/case_0614.txt	bench/fidelity/manifest-1k/continuations/case_0614.txt	
case_0882	bench/fidelity/manifest-1k/prompts/case_0882.txt	bench/fidelity/manifest-1k/continuations/case_0882.txt	
case_0504	bench/fidelity/manifest-1k/prompts/case_0504.txt	bench/fidelity/manifest-1k/continuations/case_0504.txt	
case_0408	bench/fidelity/manifest-1k/prompts/case_0408.txt	bench/fidelity/manifest-1k/continuations/case_0408.txt	
case_0801	bench/fidelity/manifest-1k/prompts/case_0801.txt	bench/fidelity/manifest-1k/continuations/case_0801.txt	
case_0399	bench/fidelity/manifest-1k/prompts/case_0399.txt	bench/fidelity/manifest-1k/continuations/case_0399.txt	
case_0238	bench/fidelity/manifest-1k/prompts/case_0238.txt	bench/fidelity/manifest-1k/continuations/case_0238.txt	
case_0453	bench/fidelity/manifest-1k/prompts/case_0453.txt	bench/fidelity/manifest-1k/continuations/case_0453.txt	
case_0555	bench/fidelity/manifest-1k/prompts/case_0555.txt	bench/fidelity/manifest-1k/continuations/case_0555.txt	
case_0737	bench/fidelity/manifest-1k/prompts/case_0737.txt	bench/fidelity/manifest-1k/continuations/case_0737.txt	
case_0577	bench/fidelity/manifest-1k/prompts/case_0577.txt	bench/fidelity/manifest-1k/continuations/case_0577.txt	
case_0356	bench/fidelity/manifest-1k/prompts/case_0356.txt	bench/fidelity/manifest-1k/continuations/case_0356.txt	
case_0823	bench/fidelity/manifest-1k/prompts/case_0823.txt	bench/fidelity/manifest-1k/continuations/case_0823.txt	
case_0288	bench/fidelity/manifest-1k/prompts/case_0288.txt	bench/fidelity/manifest-1k/continuations/case_0288.txt	
case_0148	bench/fidelity/manifest-1k/prompts/case_0148.txt	bench/fidelity/manifest-1k/continuations/case_0148.txt	
case_0069	bench/fidelity/manifest-1k/prompts/case_0069.txt	bench/fidelity/manifest-1k/continuations/case_0069.txt	
case_0527	bench/fidelity/manifest-1k/prompts/case_0527.txt	bench/fidelity/manifest-1k/continuations/case_0527.txt	
case_0684	bench/fidelity/manifest-1k/prompts/case_0684.txt	bench/fidelity/manifest-1k/continuations/case_0684.txt	
case_0716	bench/fidelity/manifest-1k/prompts/case_0716.txt	bench/fidelity/manifest-1k/continuations/case_0716.txt	
case_0121	bench/fidelity/manifest-1k/prompts/case_0121.txt	bench/fidelity/manifest-1k/continuations/case_0121.txt	
case_0107	bench/fidelity/manifest-1k/prompts/case_0107.txt	bench/fidelity/manifest-1k/continuations/case_0107.txt	
case_0130	bench/fidelity/manifest-1k/prompts/case_0130.txt	bench/fidelity/manifest-1k/continuations/case_0130.txt	
case_0388	bench/fidelity/manifest-1k/prompts/case_0388.txt	bench/fidelity/manifest-1k/continuations/case_0388.txt	
case_0501	bench/fidelity/manifest-1k/prompts/case_0501.txt	bench/fidelity/manifest-1k/continuations/case_0501.txt	
case_0106	bench/fidelity/manifest-1k/prompts/case_0106.txt	bench/fidelity/manifest-1k/continuations/case_0106.txt	
case_0160	bench/fidelity/manifest-1k/prompts/case_0160.txt	bench/fidelity/manifest-1k/continuations/case_0160.txt	
case_0343	bench/fidelity/manifest-1k/prompts/case_0343.txt	bench/fidelity/manifest-1k/continuations/case_0343.txt	
case_0259	bench/fidelity/manifest-1k/prompts/case_0259.txt	bench/fidelity/manifest-1k/continuations/case_0259.txt	
case_0280	bench/fidelity/manifest-1k/prompts/case_0280.txt	bench/fidelity/manifest-1k/continuations/case_0280.txt	
case_0229	bench/fidelity/manifest-1k/prompts/case_0229.txt	bench/fidelity/manifest-1k/continuations/case_0229.txt	
case_0639	bench/fidelity/manifest-1k/prompts/case_0639.txt	bench/fidelity/manifest-1k/continuations/case_0639.txt	
case_0446	bench/fidelity/manifest-1k/prompts/case_0446.txt	bench/fidelity/manifest-1k/continuations/case_0446.txt	
case_0223	bench/fidelity/manifest-1k/prompts/case_0223.txt	bench/fidelity/manifest-1k/continuations/case_0223.txt	
case_0712	bench/fidelity/manifest-1k/prompts/case_0712.txt	bench/fidelity/manifest-1k/continuations/case_0712.txt	
case_0380	bench/fidelity/manifest-1k/prompts/case_0380.txt	bench/fidelity/manifest-1k/continuations/case_0380.txt	
case_0595	bench/fidelity/manifest-1k/prompts/case_0595.txt	bench/fidelity/manifest-1k/continuations/case_0595.txt	
case_0338	bench/fidelity/manifest-1k/prompts/case_0338.txt	bench/fidelity/manifest-1k/continuations/case_0338.txt	
case_0342	bench/fidelity/manifest-1k/prompts/case_0342.txt	bench/fidelity/manifest-1k/continuations/case_0342.txt	
case_0776	bench/fidelity/manifest-1k/prompts/case_0776.txt	bench/fidelity/manifest-1k/continuations/case_0776.txt	
case_0216	bench/fidelity/manifest-1k/prompts/case_0216.txt	bench/fidelity/manifest-1k/continuations/case_0216.txt	
case_0649	bench/fidelity/manifest-1k/prompts/case_0649.txt	bench/fidelity/manifest-1k/continuations/case_0649.txt	
case_0403	bench/fidelity/manifest-1k/prompts/case_0403.txt	bench/fidelity/manifest-1k/continuations/case_0403.txt	
case_0645	bench/fidelity/manifest-1k/prompts/case_0645.txt	bench/fidelity/manifest-1k/continuations/case_0645.txt	
case_0524	bench/fidelity/manifest-1k/prompts/case_0524.txt	bench/fidelity/manifest-1k/continuations/case_0524.txt	
case_0233	bench/fidelity/manifest-1k/prompts/case_0233.txt	bench/fidelity/manifest-1k/continuations/case_0233.txt	
case_0198	bench/fidelity/manifest-1k/prompts/case_0198.txt	bench/fidelity/manifest-1k/continuations/case_0198.txt	
case_0518	bench/fidelity/manifest-1k/prompts/case_0518.txt	bench/fidelity/manifest-1k/continuations/case_0518.txt	
case_0507	bench/fidelity/manifest-1k/prompts/case_0507.txt	bench/fidelity/manifest-1k/continuations/case_0507.txt	
case_0690	bench/fidelity/manifest-1k/prompts/case_0690.txt	bench/fidelity/manifest-1k/continuations/case_0690.txt	
case_0623	bench/fidelity/manifest-1k/prompts/case_0623.txt	bench/fidelity/manifest-1k/continuations/case_0623.txt	
case_0058	bench/fidelity/manifest-1k/prompts/case_0058.txt	bench/fidelity/manifest-1k/continuations/case_0058.txt	
case_0692	bench/fidelity/manifest-1k/prompts/case_0692.txt	bench/fidelity/manifest-1k/continuations/case_0692.txt	
case_0431	bench/fidelity/manifest-1k/prompts/case_0431.txt	bench/fidelity/manifest-1k/continuations/case_0431.txt	
case_0469	bench/fidelity/manifest-1k/prompts/case_0469.txt	bench/fidelity/manifest-1k/continuations/case_0469.txt	
case_0780	bench/fidelity/manifest-1k/prompts/case_0780.txt	bench/fidelity/manifest-1k/continuations/case_0780.txt	
case_0820	bench/fidelity/manifest-1k/prompts/case_0820.txt	bench/fidelity/manifest-1k/continuations/case_0820.txt	
case_0347	bench/fidelity/manifest-1k/prompts/case_0347.txt	bench/fidelity/manifest-1k/continuations/case_0347.txt	
case_0124	bench/fidelity/manifest-1k/prompts/case_0124.txt	bench/fidelity/manifest-1k/continuations/case_0124.txt	
case_0762	bench/fidelity/manifest-1k/prompts/case_0762.txt	bench/fidelity/manifest-1k/continuations/case_0762.txt	
case_0833	bench/fidelity/manifest-1k/prompts/case_0833.txt	bench/fidelity/manifest-1k/continuations/case_0833.txt	
case_0819	bench/fidelity/manifest-1k/prompts/case_0819.txt	bench/fidelity/manifest-1k/continuations/case_0819.txt	
case_0270	bench/fidelity/manifest-1k/prompts/case_0270.txt	bench/fidelity/manifest-1k/continuations/case_0270.txt	
case_0181	bench/fidelity/manifest-1k/prompts/case_0181.txt	bench/fidelity/manifest-1k/continuations/case_0181.txt	
case_0275	bench/fidelity/manifest-1k/prompts/case_0275.txt	bench/fidelity/manifest-1k/continuations/case_0275.txt	
case_0318	bench/fidelity/manifest-1k/prompts/case_0318.txt	bench/fidelity/manifest-1k/continuations/case_0318.txt	
case_0404	bench/fidelity/manifest-1k/prompts/case_0404.txt	bench/fidelity/manifest-1k/continuations/case_0404.txt	
case_0334	bench/fidelity/manifest-1k/prompts/case_0334.txt	bench/fidelity/manifest-1k/continuations/case_0334.txt	
case_0533	bench/fidelity/manifest-1k/prompts/case_0533.txt	bench/fidelity/manifest-1k/continuations/case_0533.txt	
case_0143	bench/fidelity/manifest-1k/prompts/case_0143.txt	bench/fidelity/manifest-1k/continuations/case_0143.txt	
case_0265	bench/fidelity/manifest-1k/prompts/case_0265.txt	bench/fidelity/manifest-1k/continuations/case_0265.txt	
case_0184	bench/fidelity/manifest-1k/prompts/case_0184.txt	bench/fidelity/manifest-1k/continuations/case_0184.txt	
case_0212	bench/fidelity/manifest-1k/prompts/case_0212.txt	bench/fidelity/manifest-1k/continuations/case_0212.txt	
case_0193	bench/fidelity/manifest-1k/prompts/case_0193.txt	bench/fidelity/manifest-1k/continuations/case_0193.txt	
case_0044	bench/fidelity/manifest-1k/prompts/case_0044.txt	bench/fidelity/manifest-1k/continuations/case_0044.txt	
case_0751	bench/fidelity/manifest-1k/prompts/case_0751.txt	bench/fidelity/manifest-1k/continuations/case_0751.txt	
case_0784	bench/fidelity/manifest-1k/prompts/case_0784.txt	bench/fidelity/manifest-1k/continuations/case_0784.txt	
case_0406	bench/fidelity/manifest-1k/prompts/case_0406.txt	bench/fidelity/manifest-1k/continuations/case_0406.txt	
case_0463	bench/fidelity/manifest-1k/prompts/case_0463.txt	bench/fidelity/manifest-1k/continuations/case_0463.txt	
case_0660	bench/fidelity/manifest-1k/prompts/case_0660.txt	bench/fidelity/manifest-1k/continuations/case_0660.txt	
case_0538	bench/fidelity/manifest-1k/prompts/case_0538.txt	bench/fidelity/manifest-1k/continuations/case_0538.txt	
case_0841	bench/fidelity/manifest-1k/prompts/case_0841.txt	bench/fidelity/manifest-1k/continuations/case_0841.txt	
case_0353	bench/fidelity/manifest-1k/prompts/case_0353.txt	bench/fidelity/manifest-1k/continuations/case_0353.txt	
case_0364	bench/fidelity/manifest-1k/prompts/case_0364.txt	bench/fidelity/manifest-1k/continuations/case_0364.txt	
case_0147	bench/fidelity/manifest-1k/prompts/case_0147.txt	bench/fidelity/manifest-1k/continuations/case_0147.txt	
case_0757	bench/fidelity/manifest-1k/prompts/case_0757.txt	bench/fidelity/manifest-1k/continuations/case_0757.txt	
case_0028	bench/fidelity/manifest-1k/prompts/case_0028.txt	bench/fidelity/manifest-1k/continuations/case_0028.txt	
case_0811	bench/fidelity/manifest-1k/prompts/case_0811.txt	bench/fidelity/manifest-1k/continuations/case_0811.txt	
case_0243	bench/fidelity/manifest-1k/prompts/case_0243.txt	bench/fidelity/manifest-1k/continuations/case_0243.txt	
case_0478	bench/fidelity/manifest-1k/prompts/case_0478.txt	bench/fidelity/manifest-1k/continuations/case_0478.txt	
case_0889	bench/fidelity/manifest-1k/prompts/case_0889.txt	bench/fidelity/manifest-1k/continuations/case_0889.txt	
case_0708	bench/fidelity/manifest-1k/prompts/case_0708.txt	bench/fidelity/manifest-1k/continuations/case_0708.txt	
case_0760	bench/fidelity/manifest-1k/prompts/case_0760.txt	bench/fidelity/manifest-1k/continuations/case_0760.txt	
case_0439	bench/fidelity/manifest-1k/prompts/case_0439.txt	bench/fidelity/manifest-1k/continuations/case_0439.txt	
case_0041	bench/fidelity/manifest-1k/prompts/case_0041.txt	bench/fidelity/manifest-1k/continuations/case_0041.txt	
case_0102	bench/fidelity/manifest-1k/prompts/case_0102.txt	bench/fidelity/manifest-1k/continuations/case_0102.txt	
case_0832	bench/fidelity/manifest-1k/prompts/case_0832.txt	bench/fidelity/manifest-1k/continuations/case_0832.txt	
case_0764	bench/fidelity/manifest-1k/prompts/case_0764.txt	bench/fidelity/manifest-1k/continuations/case_0764.txt	
case_0458	bench/fidelity/manifest-1k/prompts/case_0458.txt	bench/fidelity/manifest-1k/continuations/case_0458.txt	
case_0088	bench/fidelity/manifest-1k/prompts/case_0088.txt	bench/fidelity/manifest-1k/continuations/case_0088.txt	
case_0145	bench/fidelity/manifest-1k/prompts/case_0145.txt	bench/fidelity/manifest-1k/continuations/case_0145.txt	
case_0412	bench/fidelity/manifest-1k/prompts/case_0412.txt	bench/fidelity/manifest-1k/continuations/case_0412.txt	
case_0799	bench/fidelity/manifest-1k/prompts/case_0799.txt	bench/fidelity/manifest-1k/continuations/case_0799.txt	
case_0836	bench/fidelity/manifest-1k/prompts/case_0836.txt	bench/fidelity/manifest-1k/continuations/case_0836.txt	
case_0523	bench/fidelity/manifest-1k/prompts/case_0523.txt	bench/fidelity/manifest-1k/continuations/case_0523.txt	
case_0498	bench/fidelity/manifest-1k/prompts/case_0498.txt	bench/fidelity/manifest-1k/continuations/case_0498.txt	
case_0863	bench/fidelity/manifest-1k/prompts/case_0863.txt	bench/fidelity/manifest-1k/continuations/case_0863.txt	
case_0052	bench/fidelity/manifest-1k/prompts/case_0052.txt	bench/fidelity/manifest-1k/continuations/case_0052.txt	
case_0418	bench/fidelity/manifest-1k/prompts/case_0418.txt	bench/fidelity/manifest-1k/continuations/case_0418.txt	
case_0768	bench/fidelity/manifest-1k/prompts/case_0768.txt	bench/fidelity/manifest-1k/continuations/case_0768.txt	
case_0655	bench/fidelity/manifest-1k/prompts/case_0655.txt	bench/fidelity/manifest-1k/continuations/case_0655.txt	
case_0883	bench/fidelity/manifest-1k/prompts/case_0883.txt	bench/fidelity/manifest-1k/continuations/case_0883.txt	
case_0002	bench/fidelity/manifest-1k/prompts/case_0002.txt	bench/fidelity/manifest-1k/continuations/case_0002.txt	
case_0489	bench/fidelity/manifest-1k/prompts/case_0489.txt	bench/fidelity/manifest-1k/continuations/case_0489.txt	
case_0605	bench/fidelity/manifest-1k/prompts/case_0605.txt	bench/fidelity/manifest-1k/continuations/case_0605.txt	
case_0588	bench/fidelity/manifest-1k/prompts/case_0588.txt	bench/fidelity/manifest-1k/continuations/case_0588.txt	
case_0522	bench/fidelity/manifest-1k/prompts/case_0522.txt	bench/fidelity/manifest-1k/continuations/case_0522.txt	
case_0376	bench/fidelity/manifest-1k/prompts/case_0376.txt	bench/fidelity/manifest-1k/continuations/case_0376.txt	
case_0871	bench/fidelity/manifest-1k/prompts/case_0871.txt	bench/fidelity/manifest-1k/continuations/case_0871.txt	
case_0283	bench/fidelity/manifest-1k/prompts/case_0283.txt	bench/fidelity/manifest-1k/continuations/case_0283.txt	
case_0312	bench/fidelity/manifest-1k/prompts/case_0312.txt	bench/fidelity/manifest-1k/continuations/case_0312.txt	
case_0171	bench/fidelity/manifest-1k/prompts/case_0171.txt	bench/fidelity/manifest-1k/continuations/case_0171.txt	
case_0608	bench/fidelity/manifest-1k/prompts/case_0608.txt	bench/fidelity/manifest-1k/continuations/case_0608.txt	
case_0796	bench/fidelity/manifest-1k/prompts/case_0796.txt	bench/fidelity/manifest-1k/continuations/case_0796.txt	
case_0293	bench/fidelity/manifest-1k/prompts/case_0293.txt	bench/fidelity/manifest-1k/continuations/case_0293.txt	
case_0268	bench/fidelity/manifest-1k/prompts/case_0268.txt	bench/fidelity/manifest-1k/continuations/case_0268.txt	
case_0274	bench/fidelity/manifest-1k/prompts/case_0274.txt	bench/fidelity/manifest-1k/continuations/case_0274.txt	
case_0286	bench/fidelity/manifest-1k/prompts/case_0286.txt	bench/fidelity/manifest-1k/continuations/case_0286.txt	
case_0563	bench/fidelity/manifest-1k/prompts/case_0563.txt	bench/fidelity/manifest-1k/continuations/case_0563.txt	
case_0741	bench/fidelity/manifest-1k/prompts/case_0741.txt	bench/fidelity/manifest-1k/continuations/case_0741.txt	
case_0620	bench/fidelity/manifest-1k/prompts/case_0620.txt	bench/fidelity/manifest-1k/continuations/case_0620.txt	
case_0715	bench/fidelity/manifest-1k/prompts/case_0715.txt	bench/fidelity/manifest-1k/continuations/case_0715.txt	
case_0066	bench/fidelity/manifest-1k/prompts/case_0066.txt	bench/fidelity/manifest-1k/continuations/case_0066.txt	
case_0800	bench/fidelity/manifest-1k/prompts/case_0800.txt	bench/fidelity/manifest-1k/continuations/case_0800.txt	
case_0732	bench/fidelity/manifest-1k/prompts/case_0732.txt	bench/fidelity/manifest-1k/continuations/case_0732.txt	
case_0311	bench/fidelity/manifest-1k/prompts/case_0311.txt	bench/fidelity/manifest-1k/continuations/case_0311.txt	
case_0766	bench/fidelity/manifest-1k/prompts/case_0766.txt	bench/fidelity/manifest-1k/continuations/case_0766.txt	
case_0789	bench/fidelity/manifest-1k/prompts/case_0789.txt	bench/fidelity/manifest-1k/continuations/case_0789.txt	
case_0886	bench/fidelity/manifest-1k/prompts/case_0886.txt	bench/fidelity/manifest-1k/continuations/case_0886.txt	
case_0086	bench/fidelity/manifest-1k/prompts/case_0086.txt	bench/fidelity/manifest-1k/continuations/case_0086.txt	
case_0366	bench/fidelity/manifest-1k/prompts/case_0366.txt	bench/fidelity/manifest-1k/continuations/case_0366.txt	
case_0669	bench/fidelity/manifest-1k/prompts/case_0669.txt	bench/fidelity/manifest-1k/continuations/case_0669.txt	
case_0629	bench/fidelity/manifest-1k/prompts/case_0629.txt	bench/fidelity/manifest-1k/continuations/case_0629.txt	
case_0008	bench/fidelity/manifest-1k/prompts/case_0008.txt	bench/fidelity/manifest-1k/continuations/case_0008.txt	
case_0698	bench/fidelity/manifest-1k/prompts/case_0698.txt	bench/fidelity/manifest-1k/continuations/case_0698.txt	
case_0214	bench/fidelity/manifest-1k/prompts/case_0214.txt	bench/fidelity/manifest-1k/continuations/case_0214.txt	
case_0127	bench/fidelity/manifest-1k/prompts/case_0127.txt	bench/fidelity/manifest-1k/continuations/case_0127.txt	
case_0377	bench/fidelity/manifest-1k/prompts/case_0377.txt	bench/fidelity/manifest-1k/continuations/case_0377.txt	
case_0287	bench/fidelity/manifest-1k/prompts/case_0287.txt	bench/fidelity/manifest-1k/continuations/case_0287.txt	
case_0644	bench/fidelity/manifest-1k/prompts/case_0644.txt	bench/fidelity/manifest-1k/continuations/case_0644.txt	
case_0659	bench/fidelity/manifest-1k/prompts/case_0659.txt	bench/fidelity/manifest-1k/continuations/case_0659.txt	
case_0400	bench/fidelity/manifest-1k/prompts/case_0400.txt	bench/fidelity/manifest-1k/continuations/case_0400.txt	
case_0190	bench/fidelity/manifest-1k/prompts/case_0190.txt	bench/fidelity/manifest-1k/continuations/case_0190.txt	
case_0854	bench/fidelity/manifest-1k/prompts/case_0854.txt	bench/fidelity/manifest-1k/continuations/case_0854.txt	
case_0775	bench/fidelity/manifest-1k/prompts/case_0775.txt	bench/fidelity/manifest-1k/continuations/case_0775.txt	
case_0384	bench/fidelity/manifest-1k/prompts/case_0384.txt	bench/fidelity/manifest-1k/continuations/case_0384.txt	
case_0012	bench/fidelity/manifest-1k/prompts/case_0012.txt	bench/fidelity/manifest-1k/continuations/case_0012.txt	
case_0879	bench/fidelity/manifest-1k/prompts/case_0879.txt	bench/fidelity/manifest-1k/continuations/case_0879.txt	
case_0887	bench/fidelity/manifest-1k/prompts/case_0887.txt	bench/fidelity/manifest-1k/continuations/case_0887.txt	
case_0668	bench/fidelity/manifest-1k/prompts/case_0668.txt	bench/fidelity/manifest-1k/continuations/case_0668.txt	
case_0808	bench/fidelity/manifest-1k/prompts/case_0808.txt	bench/fidelity/manifest-1k/continuations/case_0808.txt	
case_0393	bench/fidelity/manifest-1k/prompts/case_0393.txt	bench/fidelity/manifest-1k/continuations/case_0393.txt	
case_0454	bench/fidelity/manifest-1k/prompts/case_0454.txt	bench/fidelity/manifest-1k/continuations/case_0454.txt	
case_0719	bench/fidelity/manifest-1k/prompts/case_0719.txt	bench/fidelity/manifest-1k/continuations/case_0719.txt	
case_0020	bench/fidelity/manifest-1k/prompts/case_0020.txt	bench/fidelity/manifest-1k/continuations/case_0020.txt	
case_0559	bench/fidelity/manifest-1k/prompts/case_0559.txt	bench/fidelity/manifest-1k/continuations/case_0559.txt	
case_0441	bench/fidelity/manifest-1k/prompts/case_0441.txt	bench/fidelity/manifest-1k/continuations/case_0441.txt	
case_0714	bench/fidelity/manifest-1k/prompts/case_0714.txt	bench/fidelity/manifest-1k/continuations/case_0714.txt	
case_0544	bench/fidelity/manifest-1k/prompts/case_0544.txt	bench/fidelity/manifest-1k/continuations/case_0544.txt	
case_0520	bench/fidelity/manifest-1k/prompts/case_0520.txt	bench/fidelity/manifest-1k/continuations/case_0520.txt	
case_0848	bench/fidelity/manifest-1k/prompts/case_0848.txt	bench/fidelity/manifest-1k/continuations/case_0848.txt	
case_0624	bench/fidelity/manifest-1k/prompts/case_0624.txt	bench/fidelity/manifest-1k/continuations/case_0624.txt	
case_0435	bench/fidelity/manifest-1k/prompts/case_0435.txt	bench/fidelity/manifest-1k/continuations/case_0435.txt	
case_0580	bench/fidelity/manifest-1k/prompts/case_0580.txt	bench/fidelity/manifest-1k/continuations/case_0580.txt	
case_0615	bench/fidelity/manifest-1k/prompts/case_0615.txt	bench/fidelity/manifest-1k/continuations/case_0615.txt	
case_0249	bench/fidelity/manifest-1k/prompts/case_0249.txt	bench/fidelity/manifest-1k/continuations/case_0249.txt	
case_0834	bench/fidelity/manifest-1k/prompts/case_0834.txt	bench/fidelity/manifest-1k/continuations/case_0834.txt	
case_0304	bench/fidelity/manifest-1k/prompts/case_0304.txt	bench/fidelity/manifest-1k/continuations/case_0304.txt	
case_0387	bench/fidelity/manifest-1k/prompts/case_0387.txt	bench/fidelity/manifest-1k/continuations/case_0387.txt	
case_0636	bench/fidelity/manifest-1k/prompts/case_0636.txt	bench/fidelity/manifest-1k/continuations/case_0636.txt	
case_0378	bench/fidelity/manifest-1k/prompts/case_0378.txt	bench/fidelity/manifest-1k/continuations/case_0378.txt	
case_0420	bench/fidelity/manifest-1k/prompts/case_0420.txt	bench/fidelity/manifest-1k/continuations/case_0420.txt	
case_0191	bench/fidelity/manifest-1k/prompts/case_0191.txt	bench/fidelity/manifest-1k/continuations/case_0191.txt	
case_0860	bench/fidelity/manifest-1k/prompts/case_0860.txt	bench/fidelity/manifest-1k/continuations/case_0860.txt	
case_0633	bench/fidelity/manifest-1k/prompts/case_0633.txt	bench/fidelity/manifest-1k/continuations/case_0633.txt	
case_0794	bench/fidelity/manifest-1k/prompts/case_0794.txt	bench/fidelity/manifest-1k/continuations/case_0794.txt	
case_0219	bench/fidelity/manifest-1k/prompts/case_0219.txt	bench/fidelity/manifest-1k/continuations/case_0219.txt	
case_0442	bench/fidelity/manifest-1k/prompts/case_0442.txt	bench/fidelity/manifest-1k/continuations/case_0442.txt	
case_0038	bench/fidelity/manifest-1k/prompts/case_0038.txt	bench/fidelity/manifest-1k/continuations/case_0038.txt	
case_0110	bench/fidelity/manifest-1k/prompts/case_0110.txt	bench/fidelity/manifest-1k/continuations/case_0110.txt	
case_0413	bench/fidelity/manifest-1k/prompts/case_0413.txt	bench/fidelity/manifest-1k/continuations/case_0413.txt	
case_0189	bench/fidelity/manifest-1k/prompts/case_0189.txt	bench/fidelity/manifest-1k/continuations/case_0189.txt	
case_0702	bench/fidelity/manifest-1k/prompts/case_0702.txt	bench/fidelity/manifest-1k/continuations/case_0702.txt	
case_0060	bench/fidelity/manifest-1k/prompts/case_0060.txt	bench/fidelity/manifest-1k/continuations/case_0060.txt	
case_0278	bench/fidelity/manifest-1k/prompts/case_0278.txt	bench/fidelity/manifest-1k/continuations/case_0278.txt	
case_0869	bench/fidelity/manifest-1k/prompts/case_0869.txt	bench/fidelity/manifest-1k/continuations/case_0869.txt	
case_0301	bench/fidelity/manifest-1k/prompts/case_0301.txt	bench/fidelity/manifest-1k/continuations/case_0301.txt	
case_0330	bench/fidelity/manifest-1k/prompts/case_0330.txt	bench/fidelity/manifest-1k/continuations/case_0330.txt	
case_0368	bench/fidelity/manifest-1k/prompts/case_0368.txt	bench/fidelity/manifest-1k/continuations/case_0368.txt	
case_0850	bench/fidelity/manifest-1k/prompts/case_0850.txt	bench/fidelity/manifest-1k/continuations/case_0850.txt	
case_0653	bench/fidelity/manifest-1k/prompts/case_0653.txt	bench/fidelity/manifest-1k/continuations/case_0653.txt	
case_0532	bench/fidelity/manifest-1k/prompts/case_0532.txt	bench/fidelity/manifest-1k/continuations/case_0532.txt	
case_0494	bench/fidelity/manifest-1k/prompts/case_0494.txt	bench/fidelity/manifest-1k/continuations/case_0494.txt	
case_0632	bench/fidelity/manifest-1k/prompts/case_0632.txt	bench/fidelity/manifest-1k/continuations/case_0632.txt	
case_0240	bench/fidelity/manifest-1k/prompts/case_0240.txt	bench/fidelity/manifest-1k/continuations/case_0240.txt	
case_0166	bench/fidelity/manifest-1k/prompts/case_0166.txt	bench/fidelity/manifest-1k/continuations/case_0166.txt	
case_0487	bench/fidelity/manifest-1k/prompts/case_0487.txt	bench/fidelity/manifest-1k/continuations/case_0487.txt	
case_0427	bench/fidelity/manifest-1k/prompts/case_0427.txt	bench/fidelity/manifest-1k/continuations/case_0427.txt	
case_0479	bench/fidelity/manifest-1k/prompts/case_0479.txt	bench/fidelity/manifest-1k/continuations/case_0479.txt	
case_0284	bench/fidelity/manifest-1k/prompts/case_0284.txt	bench/fidelity/manifest-1k/continuations/case_0284.txt	
case_0128	bench/fidelity/manifest-1k/prompts/case_0128.txt	bench/fidelity/manifest-1k/continuations/case_0128.txt	
case_0080	bench/fidelity/manifest-1k/prompts/case_0080.txt	bench/fidelity/manifest-1k/continuations/case_0080.txt	
case_0390	bench/fidelity/manifest-1k/prompts/case_0390.txt	bench/fidelity/manifest-1k/continuations/case_0390.txt	
case_0779	bench/fidelity/manifest-1k/prompts/case_0779.txt	bench/fidelity/manifest-1k/continuations/case_0779.txt	
case_0759	bench/fidelity/manifest-1k/prompts/case_0759.txt	bench/fidelity/manifest-1k/continuations/case_0759.txt	
case_0071	bench/fidelity/manifest-1k/prompts/case_0071.txt	bench/fidelity/manifest-1k/continuations/case_0071.txt	
case_0572	bench/fidelity/manifest-1k/prompts/case_0572.txt	bench/fidelity/manifest-1k/continuations/case_0572.txt	
case_0731	bench/fidelity/manifest-1k/prompts/case_0731.txt	bench/fidelity/manifest-1k/continuations/case_0731.txt	
case_0325	bench/fidelity/manifest-1k/prompts/case_0325.txt	bench/fidelity/manifest-1k/continuations/case_0325.txt	
case_0151	bench/fidelity/manifest-1k/prompts/case_0151.txt	bench/fidelity/manifest-1k/continuations/case_0151.txt	
case_0877	bench/fidelity/manifest-1k/prompts/case_0877.txt	bench/fidelity/manifest-1k/continuations/case_0877.txt	
case_0783	bench/fidelity/manifest-1k/prompts/case_0783.txt	bench/fidelity/manifest-1k/continuations/case_0783.txt	
case_0461	bench/fidelity/manifest-1k/prompts/case_0461.txt	bench/fidelity/manifest-1k/continuations/case_0461.txt	
case_0717	bench/fidelity/manifest-1k/prompts/case_0717.txt	bench/fidelity/manifest-1k/continuations/case_0717.txt	
case_0104	bench/fidelity/manifest-1k/prompts/case_0104.txt	bench/fidelity/manifest-1k/continuations/case_0104.txt	
case_0512	bench/fidelity/manifest-1k/prompts/case_0512.txt	bench/fidelity/manifest-1k/continuations/case_0512.txt	
case_0530	bench/fidelity/manifest-1k/prompts/case_0530.txt	bench/fidelity/manifest-1k/continuations/case_0530.txt	
case_0513	bench/fidelity/manifest-1k/prompts/case_0513.txt	bench/fidelity/manifest-1k/continuations/case_0513.txt	
case_0309	bench/fidelity/manifest-1k/prompts/case_0309.txt	bench/fidelity/manifest-1k/continuations/case_0309.txt	
case_0055	bench/fidelity/manifest-1k/prompts/case_0055.txt	bench/fidelity/manifest-1k/continuations/case_0055.txt	
case_0192	bench/fidelity/manifest-1k/prompts/case_0192.txt	bench/fidelity/manifest-1k/continuations/case_0192.txt	
case_0094	bench/fidelity/manifest-1k/prompts/case_0094.txt	bench/fidelity/manifest-1k/continuations/case_0094.txt	
case_0722	bench/fidelity/manifest-1k/prompts/case_0722.txt	bench/fidelity/manifest-1k/continuations/case_0722.txt	
case_0689	bench/fidelity/manifest-1k/prompts/case_0689.txt	bench/fidelity/manifest-1k/continuations/case_0689.txt	
case_0043	bench/fidelity/manifest-1k/prompts/case_0043.txt	bench/fidelity/manifest-1k/continuations/case_0043.txt	
case_0831	bench/fidelity/manifest-1k/prompts/case_0831.txt	bench/fidelity/manifest-1k/continuations/case_0831.txt	
case_0296	bench/fidelity/manifest-1k/prompts/case_0296.txt	bench/fidelity/manifest-1k/continuations/case_0296.txt	
case_0763	bench/fidelity/manifest-1k/prompts/case_0763.txt	bench/fidelity/manifest-1k/continuations/case_0763.txt	
case_0227	bench/fidelity/manifest-1k/prompts/case_0227.txt	bench/fidelity/manifest-1k/continuations/case_0227.txt	
case_0425	bench/fidelity/manifest-1k/prompts/case_0425.txt	bench/fidelity/manifest-1k/continuations/case_0425.txt	
case_0085	bench/fidelity/manifest-1k/prompts/case_0085.txt	bench/fidelity/manifest-1k/continuations/case_0085.txt	
case_0568	bench/fidelity/manifest-1k/prompts/case_0568.txt	bench/fidelity/manifest-1k/continuations/case_0568.txt	
case_0073	bench/fidelity/manifest-1k/prompts/case_0073.txt	bench/fidelity/manifest-1k/continuations/case_0073.txt	
case_0087	bench/fidelity/manifest-1k/prompts/case_0087.txt	bench/fidelity/manifest-1k/continuations/case_0087.txt	
case_0261	bench/fidelity/manifest-1k/prompts/case_0261.txt	bench/fidelity/manifest-1k/continuations/case_0261.txt	
case_0235	bench/fidelity/manifest-1k/prompts/case_0235.txt	bench/fidelity/manifest-1k/continuations/case_0235.txt	
case_0096	bench/fidelity/manifest-1k/prompts/case_0096.txt	bench/fidelity/manifest-1k/continuations/case_0096.txt	
case_0204	bench/fidelity/manifest-1k/prompts/case_0204.txt	bench/fidelity/manifest-1k/continuations/case_0204.txt	
case_0443	bench/fidelity/manifest-1k/prompts/case_0443.txt	bench/fidelity/manifest-1k/continuations/case_0443.txt	
case_0001	bench/fidelity/manifest-1k/prompts/case_0001.txt	bench/fidelity/manifest-1k/continuations/case_0001.txt	
case_0739	bench/fidelity/manifest-1k/prompts/case_0739.txt	bench/fidelity/manifest-1k/continuations/case_0739.txt	
case_0220	bench/fidelity/manifest-1k/prompts/case_0220.txt	bench/fidelity/manifest-1k/continuations/case_0220.txt	
case_0456	bench/fidelity/manifest-1k/prompts/case_0456.txt	bench/fidelity/manifest-1k/continuations/case_0456.txt	
case_0437	bench/fidelity/manifest-1k/prompts/case_0437.txt	bench/fidelity/manifest-1k/continuations/case_0437.txt	
case_0574	bench/fidelity/manifest-1k/prompts/case_0574.txt	bench/fidelity/manifest-1k/continuations/case_0574.txt	
case_0657	bench/fidelity/manifest-1k/prompts/case_0657.txt	bench/fidelity/manifest-1k/continuations/case_0657.txt	
case_0059	bench/fidelity/manifest-1k/prompts/case_0059.txt	bench/fidelity/manifest-1k/continuations/case_0059.txt	
case_0587	bench/fidelity/manifest-1k/prompts/case_0587.txt	bench/fidelity/manifest-1k/continuations/case_0587.txt	
case_0349	bench/fidelity/manifest-1k/prompts/case_0349.txt	bench/fidelity/manifest-1k/continuations/case_0349.txt	
case_0234	bench/fidelity/manifest-1k/prompts/case_0234.txt	bench/fidelity/manifest-1k/continuations/case_0234.txt	
case_0292	bench/fidelity/manifest-1k/prompts/case_0292.txt	bench/fidelity/manifest-1k/continuations/case_0292.txt	
case_0551	bench/fidelity/manifest-1k/prompts/case_0551.txt	bench/fidelity/manifest-1k/continuations/case_0551.txt	
case_0205	bench/fidelity/manifest-1k/prompts/case_0205.txt	bench/fidelity/manifest-1k/continuations/case_0205.txt	
case_0549	bench/fidelity/manifest-1k/prompts/case_0549.txt	bench/fidelity/manifest-1k/continuations/case_0549.txt	
case_0628	bench/fidelity/manifest-1k/prompts/case_0628.txt	bench/fidelity/manifest-1k/continuations/case_0628.txt	
case_0804	bench/fidelity/manifest-1k/prompts/case_0804.txt	bench/fidelity/manifest-1k/continuations/case_0804.txt	
case_0095	bench/fidelity/manifest-1k/prompts/case_0095.txt	bench/fidelity/manifest-1k/continuations/case_0095.txt	
case_0752	bench/fidelity/manifest-1k/prompts/case_0752.txt	bench/fidelity/manifest-1k/continuations/case_0752.txt	
case_0838	bench/fidelity/manifest-1k/prompts/case_0838.txt	bench/fidelity/manifest-1k/continuations/case_0838.txt	
case_0180	bench/fidelity/manifest-1k/prompts/case_0180.txt	bench/fidelity/manifest-1k/continuations/case_0180.txt	
case_0810	bench/fidelity/manifest-1k/prompts/case_0810.txt	bench/fidelity/manifest-1k/continuations/case_0810.txt	
case_0856	bench/fidelity/manifest-1k/prompts/case_0856.txt	bench/fidelity/manifest-1k/continuations/case_0856.txt	
case_0596	bench/fidelity/manifest-1k/prompts/case_0596.txt	bench/fidelity/manifest-1k/continuations/case_0596.txt	
case_0424	bench/fidelity/manifest-1k/prompts/case_0424.txt	bench/fidelity/manifest-1k/continuations/case_0424.txt	
case_0386	bench/fidelity/manifest-1k/prompts/case_0386.txt	bench/fidelity/manifest-1k/continuations/case_0386.txt	
case_0273	bench/fidelity/manifest-1k/prompts/case_0273.txt	bench/fidelity/manifest-1k/continuations/case_0273.txt	
case_0140	bench/fidelity/manifest-1k/prompts/case_0140.txt	bench/fidelity/manifest-1k/continuations/case_0140.txt	
case_0781	bench/fidelity/manifest-1k/prompts/case_0781.txt	bench/fidelity/manifest-1k/continuations/case_0781.txt	
case_0582	bench/fidelity/manifest-1k/prompts/case_0582.txt	bench/fidelity/manifest-1k/continuations/case_0582.txt	
case_0173	bench/fidelity/manifest-1k/prompts/case_0173.txt	bench/fidelity/manifest-1k/continuations/case_0173.txt	
case_0100	bench/fidelity/manifest-1k/prompts/case_0100.txt	bench/fidelity/manifest-1k/continuations/case_0100.txt	
case_0289	bench/fidelity/manifest-1k/prompts/case_0289.txt	bench/fidelity/manifest-1k/continuations/case_0289.txt	
case_0756	bench/fidelity/manifest-1k/prompts/case_0756.txt	bench/fidelity/manifest-1k/continuations/case_0756.txt	
case_0155	bench/fidelity/manifest-1k/prompts/case_0155.txt	bench/fidelity/manifest-1k/continuations/case_0155.txt	
case_0643	bench/fidelity/manifest-1k/prompts/case_0643.txt	bench/fidelity/manifest-1k/continuations/case_0643.txt	
case_0077	bench/fidelity/manifest-1k/prompts/case_0077.txt	bench/fidelity/manifest-1k/continuations/case_0077.txt	
case_0542	bench/fidelity/manifest-1k/prompts/case_0542.txt	bench/fidelity/manifest-1k/continuations/case_0542.txt	
case_0164	bench/fidelity/manifest-1k/prompts/case_0164.txt	bench/fidelity/manifest-1k/continuations/case_0164.txt	
case_0331	bench/fidelity/manifest-1k/prompts/case_0331.txt	bench/fidelity/manifest-1k/continuations/case_0331.txt	
case_0662	bench/fidelity/manifest-1k/prompts/case_0662.txt	bench/fidelity/manifest-1k/continuations/case_0662.txt	
case_0493	bench/fidelity/manifest-1k/prompts/case_0493.txt	bench/fidelity/manifest-1k/continuations/case_0493.txt	
case_0459	bench/fidelity/manifest-1k/prompts/case_0459.txt	bench/fidelity/manifest-1k/continuations/case_0459.txt	
case_0031	bench/fidelity/manifest-1k/prompts/case_0031.txt	bench/fidelity/manifest-1k/continuations/case_0031.txt	
case_0616	bench/fidelity/manifest-1k/prompts/case_0616.txt	bench/fidelity/manifest-1k/continuations/case_0616.txt	
case_0671	bench/fidelity/manifest-1k/prompts/case_0671.txt	bench/fidelity/manifest-1k/continuations/case_0671.txt	
case_0552	bench/fidelity/manifest-1k/prompts/case_0552.txt	bench/fidelity/manifest-1k/continuations/case_0552.txt	
case_0061	bench/fidelity/manifest-1k/prompts/case_0061.txt	bench/fidelity/manifest-1k/continuations/case_0061.txt	
case_0350	bench/fidelity/manifest-1k/prompts/case_0350.txt	bench/fidelity/manifest-1k/continuations/case_0350.txt	
case_0508	bench/fidelity/manifest-1k/prompts/case_0508.txt	bench/fidelity/manifest-1k/continuations/case_0508.txt	
case_0324	bench/fidelity/manifest-1k/prompts/case_0324.txt	bench/fidelity/manifest-1k/continuations/case_0324.txt	
case_0444	bench/fidelity/manifest-1k/prompts/case_0444.txt	bench/fidelity/manifest-1k/continuations/case_0444.txt	
case_0548	bench/fidelity/manifest-1k/prompts/case_0548.txt	bench/fidelity/manifest-1k/continuations/case_0548.txt	
case_0754	bench/fidelity/manifest-1k/prompts/case_0754.txt	bench/fidelity/manifest-1k/continuations/case_0754.txt	
case_0724	bench/fidelity/manifest-1k/prompts/case_0724.txt	bench/fidelity/manifest-1k/continuations/case_0724.txt	
case_0175	bench/fidelity/manifest-1k/prompts/case_0175.txt	bench/fidelity/manifest-1k/continuations/case_0175.txt	
case_0619	bench/fidelity/manifest-1k/prompts/case_0619.txt	bench/fidelity/manifest-1k/continuations/case_0619.txt	
case_0777	bench/fidelity/manifest-1k/prompts/case_0777.txt	bench/fidelity/manifest-1k/continuations/case_0777.txt	
case_0514	bench/fidelity/manifest-1k/prompts/case_0514.txt	bench/fidelity/manifest-1k/continuations/case_0514.txt	
case_0092	bench/fidelity/manifest-1k/prompts/case_0092.txt	bench/fidelity/manifest-1k/continuations/case_0092.txt	
case_0206	bench/fidelity/manifest-1k/prompts/case_0206.txt	bench/fidelity/manifest-1k/continuations/case_0206.txt	
case_0333	bench/fidelity/manifest-1k/prompts/case_0333.txt	bench/fidelity/manifest-1k/continuations/case_0333.txt	
case_0410	bench/fidelity/manifest-1k/prompts/case_0410.txt	bench/fidelity/manifest-1k/continuations/case_0410.txt	
case_0558	bench/fidelity/manifest-1k/prompts/case_0558.txt	bench/fidelity/manifest-1k/continuations/case_0558.txt	
case_0540	bench/fidelity/manifest-1k/prompts/case_0540.txt	bench/fidelity/manifest-1k/continuations/case_0540.txt	
case_0407	bench/fidelity/manifest-1k/prompts/case_0407.txt	bench/fidelity/manifest-1k/continuations/case_0407.txt	
case_0566	bench/fidelity/manifest-1k/prompts/case_0566.txt	bench/fidelity/manifest-1k/continuations/case_0566.txt	
case_0707	bench/fidelity/manifest-1k/prompts/case_0707.txt	bench/fidelity/manifest-1k/continuations/case_0707.txt	
case_0476	bench/fidelity/manifest-1k/prompts/case_0476.txt	bench/fidelity/manifest-1k/continuations/case_0476.txt	
case_0839	bench/fidelity/manifest-1k/prompts/case_0839.txt	bench/fidelity/manifest-1k/continuations/case_0839.txt	
case_0015	bench/fidelity/manifest-1k/prompts/case_0015.txt	bench/fidelity/manifest-1k/continuations/case_0015.txt	
case_0654	bench/fidelity/manifest-1k/prompts/case_0654.txt	bench/fidelity/manifest-1k/continuations/case_0654.txt	
case_0260	bench/fidelity/manifest-1k/prompts/case_0260.txt	bench/fidelity/manifest-1k/continuations/case_0260.txt	
case_0488	bench/fidelity/manifest-1k/prompts/case_0488.txt	bench/fidelity/manifest-1k/continuations/case_0488.txt	
case_0468	bench/fidelity/manifest-1k/prompts/case_0468.txt	bench/fidelity/manifest-1k/continuations/case_0468.txt	
case_0297	bench/fidelity/manifest-1k/prompts/case_0297.txt	bench/fidelity/manifest-1k/continuations/case_0297.txt	
case_0505	bench/fidelity/manifest-1k/prompts/case_0505.txt	bench/fidelity/manifest-1k/continuations/case_0505.txt	
case_0695	bench/fidelity/manifest-1k/prompts/case_0695.txt	bench/fidelity/manifest-1k/continuations/case_0695.txt	
case_0635	bench/fidelity/manifest-1k/prompts/case_0635.txt	bench/fidelity/manifest-1k/continuations/case_0635.txt	
case_0241	bench/fidelity/manifest-1k/prompts/case_0241.txt	bench/fidelity/manifest-1k/continuations/case_0241.txt	
case_0874	bench/fidelity/manifest-1k/prompts/case_0874.txt	bench/fidelity/manifest-1k/continuations/case_0874.txt	
case_0352	bench/fidelity/manifest-1k/prompts/case_0352.txt	bench/fidelity/manifest-1k/continuations/case_0352.txt	
case_0778	bench/fidelity/manifest-1k/prompts/case_0778.txt	bench/fidelity/manifest-1k/continuations/case_0778.txt	
case_0499	bench/fidelity/manifest-1k/prompts/case_0499.txt	bench/fidelity/manifest-1k/continuations/case_0499.txt	
case_0305	bench/fidelity/manifest-1k/prompts/case_0305.txt	bench/fidelity/manifest-1k/continuations/case_0305.txt	
case_0201	bench/fidelity/manifest-1k/prompts/case_0201.txt	bench/fidelity/manifest-1k/continuations/case_0201.txt	
case_0295	bench/fidelity/manifest-1k/prompts/case_0295.txt	bench/fidelity/manifest-1k/continuations/case_0295.txt	
case_0534	bench/fidelity/manifest-1k/prompts/case_0534.txt	bench/fidelity/manifest-1k/continuations/case_0534.txt	
case_0830	bench/fidelity/manifest-1k/prompts/case_0830.txt	bench/fidelity/manifest-1k/continuations/case_0830.txt	
case_0389	bench/fidelity/manifest-1k/prompts/case_0389.txt	bench/fidelity/manifest-1k/continuations/case_0389.txt	
case_0720	bench/fidelity/manifest-1k/prompts/case_0720.txt	bench/fidelity/manifest-1k/continuations/case_0720.txt	
case_0385	bench/fidelity/manifest-1k/prompts/case_0385.txt	bench/fidelity/manifest-1k/continuations/case_0385.txt	
case_0680	bench/fidelity/manifest-1k/prompts/case_0680.txt	bench/fidelity/manifest-1k/continuations/case_0680.txt	
case_0381	bench/fidelity/manifest-1k/prompts/case_0381.txt	bench/fidelity/manifest-1k/continuations/case_0381.txt	
case_0709	bench/fidelity/manifest-1k/prompts/case_0709.txt	bench/fidelity/manifest-1k/continuations/case_0709.txt	
case_0196	bench/fidelity/manifest-1k/prompts/case_0196.txt	bench/fidelity/manifest-1k/continuations/case_0196.txt	
case_0225	bench/fidelity/manifest-1k/prompts/case_0225.txt	bench/fidelity/manifest-1k/continuations/case_0225.txt	
case_0251	bench/fidelity/manifest-1k/prompts/case_0251.txt	bench/fidelity/manifest-1k/continuations/case_0251.txt	
case_0688	bench/fidelity/manifest-1k/prompts/case_0688.txt	bench/fidelity/manifest-1k/continuations/case_0688.txt	
case_0806	bench/fidelity/manifest-1k/prompts/case_0806.txt	bench/fidelity/manifest-1k/continuations/case_0806.txt	
case_0112	bench/fidelity/manifest-1k/prompts/case_0112.txt	bench/fidelity/manifest-1k/continuations/case_0112.txt	
case_0363	bench/fidelity/manifest-1k/prompts/case_0363.txt	bench/fidelity/manifest-1k/continuations/case_0363.txt	
case_0589	bench/fidelity/manifest-1k/prompts/case_0589.txt	bench/fidelity/manifest-1k/continuations/case_0589.txt	
case_0613	bench/fidelity/manifest-1k/prompts/case_0613.txt	bench/fidelity/manifest-1k/continuations/case_0613.txt	
case_0371	bench/fidelity/manifest-1k/prompts/case_0371.txt	bench/fidelity/manifest-1k/continuations/case_0371.txt	
case_0546	bench/fidelity/manifest-1k/prompts/case_0546.txt	bench/fidelity/manifest-1k/continuations/case_0546.txt	
case_0281	bench/fidelity/manifest-1k/prompts/case_0281.txt	bench/fidelity/manifest-1k/continuations/case_0281.txt	
case_0025	bench/fidelity/manifest-1k/prompts/case_0025.txt	bench/fidelity/manifest-1k/continuations/case_0025.txt	
case_0584	bench/fidelity/manifest-1k/prompts/case_0584.txt	bench/fidelity/manifest-1k/continuations/case_0584.txt	
case_0082	bench/fidelity/manifest-1k/prompts/case_0082.txt	bench/fidelity/manifest-1k/continuations/case_0082.txt	
case_0091	bench/fidelity/manifest-1k/prompts/case_0091.txt	bench/fidelity/manifest-1k/continuations/case_0091.txt	
case_0423	bench/fidelity/manifest-1k/prompts/case_0423.txt	bench/fidelity/manifest-1k/continuations/case_0423.txt	
case_0828	bench/fidelity/manifest-1k/prompts/case_0828.txt	bench/fidelity/manifest-1k/continuations/case_0828.txt	
case_0429	bench/fidelity/manifest-1k/prompts/case_0429.txt	bench/fidelity/manifest-1k/continuations/case_0429.txt	
case_0526	bench/fidelity/manifest-1k/prompts/case_0526.txt	bench/fidelity/manifest-1k/continuations/case_0526.txt	
case_0375	bench/fidelity/manifest-1k/prompts/case_0375.txt	bench/fidelity/manifest-1k/continuations/case_0375.txt	
case_0042	bench/fidelity/manifest-1k/prompts/case_0042.txt	bench/fidelity/manifest-1k/continuations/case_0042.txt	
case_0525	bench/fidelity/manifest-1k/prompts/case_0525.txt	bench/fidelity/manifest-1k/continuations/case_0525.txt	
case_0579	bench/fidelity/manifest-1k/prompts/case_0579.txt	bench/fidelity/manifest-1k/continuations/case_0579.txt	
case_0557	bench/fidelity/manifest-1k/prompts/case_0557.txt	bench/fidelity/manifest-1k/continuations/case_0557.txt	
case_0630	bench/fidelity/manifest-1k/prompts/case_0630.txt	bench/fidelity/manifest-1k/continuations/case_0630.txt	
case_0846	bench/fidelity/manifest-1k/prompts/case_0846.txt	bench/fidelity/manifest-1k/continuations/case_0846.txt	
case_0255	bench/fidelity/manifest-1k/prompts/case_0255.txt	bench/fidelity/manifest-1k/continuations/case_0255.txt	
case_0844	bench/fidelity/manifest-1k/prompts/case_0844.txt	bench/fidelity/manifest-1k/continuations/case_0844.txt	
case_0179	bench/fidelity/manifest-1k/prompts/case_0179.txt	bench/fidelity/manifest-1k/continuations/case_0179.txt	
case_0320	bench/fidelity/manifest-1k/prompts/case_0320.txt	bench/fidelity/manifest-1k/continuations/case_0320.txt	
case_0758	bench/fidelity/manifest-1k/prompts/case_0758.txt	bench/fidelity/manifest-1k/continuations/case_0758.txt	
case_0033	bench/fidelity/manifest-1k/prompts/case_0033.txt	bench/fidelity/manifest-1k/continuations/case_0033.txt	
case_0081	bench/fidelity/manifest-1k/prompts/case_0081.txt	bench/fidelity/manifest-1k/continuations/case_0081.txt	
case_0108	bench/fidelity/manifest-1k/prompts/case_0108.txt	bench/fidelity/manifest-1k/continuations/case_0108.txt	
case_0017	bench/fidelity/manifest-1k/prompts/case_0017.txt	bench/fidelity/manifest-1k/continuations/case_0017.txt	
case_0744	bench/fidelity/manifest-1k/prompts/case_0744.txt	bench/fidelity/manifest-1k/continuations/case_0744.txt	
case_0482	bench/fidelity/manifest-1k/prompts/case_0482.txt	bench/fidelity/manifest-1k/continuations/case_0482.txt	
case_0118	bench/fidelity/manifest-1k/prompts/case_0118.txt	bench/fidelity/manifest-1k/continuations/case_0118.txt	
case_0565	bench/fidelity/manifest-1k/prompts/case_0565.txt	bench/fidelity/manifest-1k/continuations/case_0565.txt	
case_0573	bench/fidelity/manifest-1k/prompts/case_0573.txt	bench/fidelity/manifest-1k/continuations/case_0573.txt	
case_0865	bench/fidelity/manifest-1k/prompts/case_0865.txt	bench/fidelity/manifest-1k/continuations/case_0865.txt	
case_0136	bench/fidelity/manifest-1k/prompts/case_0136.txt	bench/fidelity/manifest-1k/continuations/case_0136.txt	
case_0303	bench/fidelity/manifest-1k/prompts/case_0303.txt	bench/fidelity/manifest-1k/continuations/case_0303.txt	
case_0279	bench/fidelity/manifest-1k/prompts/case_0279.txt	bench/fidelity/manifest-1k/continuations/case_0279.txt	
case_0396	bench/fidelity/manifest-1k/prompts/case_0396.txt	bench/fidelity/manifest-1k/continuations/case_0396.txt	
case_0711	bench/fidelity/manifest-1k/prompts/case_0711.txt	bench/fidelity/manifest-1k/continuations/case_0711.txt	
case_0011	bench/fidelity/manifest-1k/prompts/case_0011.txt	bench/fidelity/manifest-1k/continuations/case_0011.txt	
case_0457	bench/fidelity/manifest-1k/prompts/case_0457.txt	bench/fidelity/manifest-1k/continuations/case_0457.txt	
case_0232	bench/fidelity/manifest-1k/prompts/case_0232.txt	bench/fidelity/manifest-1k/continuations/case_0232.txt	
case_0097	bench/fidelity/manifest-1k/prompts/case_0097.txt	bench/fidelity/manifest-1k/continuations/case_0097.txt	
case_0120	bench/fidelity/manifest-1k/prompts/case_0120.txt	bench/fidelity/manifest-1k/continuations/case_0120.txt	
case_0083	bench/fidelity/manifest-1k/prompts/case_0083.txt	bench/fidelity/manifest-1k/continuations/case_0083.txt	
case_0576	bench/fidelity/manifest-1k/prompts/case_0576.txt	bench/fidelity/manifest-1k/continuations/case_0576.txt	
case_0672	bench/fidelity/manifest-1k/prompts/case_0672.txt	bench/fidelity/manifest-1k/continuations/case_0672.txt	
case_0115	bench/fidelity/manifest-1k/prompts/case_0115.txt	bench/fidelity/manifest-1k/continuations/case_0115.txt	
case_0791	bench/fidelity/manifest-1k/prompts/case_0791.txt	bench/fidelity/manifest-1k/continuations/case_0791.txt	
case_0277	bench/fidelity/manifest-1k/prompts/case_0277.txt	bench/fidelity/manifest-1k/continuations/case_0277.txt	
case_0802	bench/fidelity/manifest-1k/prompts/case_0802.txt	bench/fidelity/manifest-1k/continuations/case_0802.txt	
case_0119	bench/fidelity/manifest-1k/prompts/case_0119.txt	bench/fidelity/manifest-1k/continuations/case_0119.txt	
case_0036	bench/fidelity/manifest-1k/prompts/case_0036.txt	bench/fidelity/manifest-1k/continuations/case_0036.txt	
case_0467	bench/fidelity/manifest-1k/prompts/case_0467.txt	bench/fidelity/manifest-1k/continuations/case_0467.txt	
case_0464	bench/fidelity/manifest-1k/prompts/case_0464.txt	bench/fidelity/manifest-1k/continuations/case_0464.txt	
case_0144	bench/fidelity/manifest-1k/prompts/case_0144.txt	bench/fidelity/manifest-1k/continuations/case_0144.txt	
case_0821	bench/fidelity/manifest-1k/prompts/case_0821.txt	bench/fidelity/manifest-1k/continuations/case_0821.txt	
case_0228	bench/fidelity/manifest-1k/prompts/case_0228.txt	bench/fidelity/manifest-1k/continuations/case_0228.txt	
case_0113	bench/fidelity/manifest-1k/prompts/case_0113.txt	bench/fidelity/manifest-1k/continuations/case_0113.txt	
case_0490	bench/fidelity/manifest-1k/prompts/case_0490.txt	bench/fidelity/manifest-1k/continuations/case_0490.txt	
case_0462	bench/fidelity/manifest-1k/prompts/case_0462.txt	bench/fidelity/manifest-1k/continuations/case_0462.txt	
case_0401	bench/fidelity/manifest-1k/prompts/case_0401.txt	bench/fidelity/manifest-1k/continuations/case_0401.txt	
case_0448	bench/fidelity/manifest-1k/prompts/case_0448.txt	bench/fidelity/manifest-1k/continuations/case_0448.txt	
case_0129	bench/fidelity/manifest-1k/prompts/case_0129.txt	bench/fidelity/manifest-1k/continuations/case_0129.txt	
case_0256	bench/fidelity/manifest-1k/prompts/case_0256.txt	bench/fidelity/manifest-1k/continuations/case_0256.txt	
case_0554	bench/fidelity/manifest-1k/prompts/case_0554.txt	bench/fidelity/manifest-1k/continuations/case_0554.txt	
case_0247	bench/fidelity/manifest-1k/prompts/case_0247.txt	bench/fidelity/manifest-1k/continuations/case_0247.txt	
case_0417	bench/fidelity/manifest-1k/prompts/case_0417.txt	bench/fidelity/manifest-1k/continuations/case_0417.txt	
case_0767	bench/fidelity/manifest-1k/prompts/case_0767.txt	bench/fidelity/manifest-1k/continuations/case_0767.txt	
case_0322	bench/fidelity/manifest-1k/prompts/case_0322.txt	bench/fidelity/manifest-1k/continuations/case_0322.txt	
case_0253	bench/fidelity/manifest-1k/prompts/case_0253.txt	bench/fidelity/manifest-1k/continuations/case_0253.txt	
case_0824	bench/fidelity/manifest-1k/prompts/case_0824.txt	bench/fidelity/manifest-1k/continuations/case_0824.txt	
case_0521	bench/fidelity/manifest-1k/prompts/case_0521.txt	bench/fidelity/manifest-1k/continuations/case_0521.txt	
case_0276	bench/fidelity/manifest-1k/prompts/case_0276.txt	bench/fidelity/manifest-1k/continuations/case_0276.txt	
case_0335	bench/fidelity/manifest-1k/prompts/case_0335.txt	bench/fidelity/manifest-1k/continuations/case_0335.txt	
case_0168	bench/fidelity/manifest-1k/prompts/case_0168.txt	bench/fidelity/manifest-1k/continuations/case_0168.txt	
case_0571	bench/fidelity/manifest-1k/prompts/case_0571.txt	bench/fidelity/manifest-1k/continuations/case_0571.txt	
case_0126	bench/fidelity/manifest-1k/prompts/case_0126.txt	bench/fidelity/manifest-1k/continuations/case_0126.txt	
case_0291	bench/fidelity/manifest-1k/prompts/case_0291.txt	bench/fidelity/manifest-1k/continuations/case_0291.txt	
case_0230	bench/fidelity/manifest-1k/prompts/case_0230.txt	bench/fidelity/manifest-1k/continuations/case_0230.txt	
case_0302	bench/fidelity/manifest-1k/prompts/case_0302.txt	bench/fidelity/manifest-1k/continuations/case_0302.txt	
case_0355	bench/fidelity/manifest-1k/prompts/case_0355.txt	bench/fidelity/manifest-1k/continuations/case_0355.txt	
case_0452	bench/fidelity/manifest-1k/prompts/case_0452.txt	bench/fidelity/manifest-1k/continuations/case_0452.txt	
case_0773	bench/fidelity/manifest-1k/prompts/case_0773.txt	bench/fidelity/manifest-1k/continuations/case_0773.txt	
case_0771	bench/fidelity/manifest-1k/prompts/case_0771.txt	bench/fidelity/manifest-1k/continuations/case_0771.txt	
case_0529	bench/fidelity/manifest-1k/prompts/case_0529.txt	bench/fidelity/manifest-1k/continuations/case_0529.txt	
case_0313	bench/fidelity/manifest-1k/prompts/case_0313.txt	bench/fidelity/manifest-1k/continuations/case_0313.txt	
case_0142	bench/fidelity/manifest-1k/prompts/case_0142.txt	bench/fidelity/manifest-1k/continuations/case_0142.txt	
case_0598	bench/fidelity/manifest-1k/prompts/case_0598.txt	bench/fidelity/manifest-1k/continuations/case_0598.txt	
case_0569	bench/fidelity/manifest-1k/prompts/case_0569.txt	bench/fidelity/manifest-1k/continuations/case_0569.txt	
case_0486	bench/fidelity/manifest-1k/prompts/case_0486.txt	bench/fidelity/manifest-1k/continuations/case_0486.txt	
case_0483	bench/fidelity/manifest-1k/prompts/case_0483.txt	bench/fidelity/manifest-1k/continuations/case_0483.txt	
case_0409	bench/fidelity/manifest-1k/prompts/case_0409.txt	bench/fidelity/manifest-1k/continuations/case_0409.txt	
case_0611	bench/fidelity/manifest-1k/prompts/case_0611.txt	bench/fidelity/manifest-1k/continuations/case_0611.txt	
case_0675	bench/fidelity/manifest-1k/prompts/case_0675.txt	bench/fidelity/manifest-1k/continuations/case_0675.txt	
case_0701	bench/fidelity/manifest-1k/prompts/case_0701.txt	bench/fidelity/manifest-1k/continuations/case_0701.txt	
case_0642	bench/fidelity/manifest-1k/prompts/case_0642.txt	bench/fidelity/manifest-1k/continuations/case_0642.txt	
case_0535	bench/fidelity/manifest-1k/prompts/case_0535.txt	bench/fidelity/manifest-1k/continuations/case_0535.txt	
case_0748	bench/fidelity/manifest-1k/prompts/case_0748.txt	bench/fidelity/manifest-1k/continuations/case_0748.txt	
case_0640	bench/fidelity/manifest-1k/prompts/case_0640.txt	bench/fidelity/manifest-1k/continuations/case_0640.txt	
case_0163	bench/fidelity/manifest-1k/prompts/case_0163.txt	bench/fidelity/manifest-1k/continuations/case_0163.txt	
case_0272	bench/fidelity/manifest-1k/prompts/case_0272.txt	bench/fidelity/manifest-1k/continuations/case_0272.txt	
case_0416	bench/fidelity/manifest-1k/prompts/case_0416.txt	bench/fidelity/manifest-1k/continuations/case_0416.txt	
case_0146	bench/fidelity/manifest-1k/prompts/case_0146.txt	bench/fidelity/manifest-1k/continuations/case_0146.txt	
case_0647	bench/fidelity/manifest-1k/prompts/case_0647.txt	bench/fidelity/manifest-1k/continuations/case_0647.txt	
case_0021	bench/fidelity/manifest-1k/prompts/case_0021.txt	bench/fidelity/manifest-1k/continuations/case_0021.txt	
case_0337	bench/fidelity/manifest-1k/prompts/case_0337.txt	bench/fidelity/manifest-1k/continuations/case_0337.txt	
case_0003	bench/fidelity/manifest-1k/prompts/case_0003.txt	bench/fidelity/manifest-1k/continuations/case_0003.txt	
case_0372	bench/fidelity/manifest-1k/prompts/case_0372.txt	bench/fidelity/manifest-1k/continuations/case_0372.txt	
case_0593	bench/fidelity/manifest-1k/prompts/case_0593.txt	bench/fidelity/manifest-1k/continuations/case_0593.txt	
case_0392	bench/fidelity/manifest-1k/prompts/case_0392.txt	bench/fidelity/manifest-1k/continuations/case_0392.txt	
case_0606	bench/fidelity/manifest-1k/prompts/case_0606.txt	bench/fidelity/manifest-1k/continuations/case_0606.txt	
case_0165	bench/fidelity/manifest-1k/prompts/case_0165.txt	bench/fidelity/manifest-1k/continuations/case_0165.txt	
case_0075	bench/fidelity/manifest-1k/prompts/case_0075.txt	bench/fidelity/manifest-1k/continuations/case_0075.txt	
case_0460	bench/fidelity/manifest-1k/prompts/case_0460.txt	bench/fidelity/manifest-1k/continuations/case_0460.txt	
case_0621	bench/fidelity/manifest-1k/prompts/case_0621.txt	bench/fidelity/manifest-1k/continuations/case_0621.txt	
case_0369	bench/fidelity/manifest-1k/prompts/case_0369.txt	bench/fidelity/manifest-1k/continuations/case_0369.txt	
case_0365	bench/fidelity/manifest-1k/prompts/case_0365.txt	bench/fidelity/manifest-1k/continuations/case_0365.txt	
case_0336	bench/fidelity/manifest-1k/prompts/case_0336.txt	bench/fidelity/manifest-1k/continuations/case_0336.txt	
case_0581	bench/fidelity/manifest-1k/prompts/case_0581.txt	bench/fidelity/manifest-1k/continuations/case_0581.txt	
case_0169	bench/fidelity/manifest-1k/prompts/case_0169.txt	bench/fidelity/manifest-1k/continuations/case_0169.txt	
case_0876	bench/fidelity/manifest-1k/prompts/case_0876.txt	bench/fidelity/manifest-1k/continuations/case_0876.txt	
case_0414	bench/fidelity/manifest-1k/prompts/case_0414.txt	bench/fidelity/manifest-1k/continuations/case_0414.txt	
case_0040	bench/fidelity/manifest-1k/prompts/case_0040.txt	bench/fidelity/manifest-1k/continuations/case_0040.txt	
case_0870	bench/fidelity/manifest-1k/prompts/case_0870.txt	bench/fidelity/manifest-1k/continuations/case_0870.txt	
case_0383	bench/fidelity/manifest-1k/prompts/case_0383.txt	bench/fidelity/manifest-1k/continuations/case_0383.txt	
case_0884	bench/fidelity/manifest-1k/prompts/case_0884.txt	bench/fidelity/manifest-1k/continuations/case_0884.txt	
case_0450	bench/fidelity/manifest-1k/prompts/case_0450.txt	bench/fidelity/manifest-1k/continuations/case_0450.txt	
case_0162	bench/fidelity/manifest-1k/prompts/case_0162.txt	bench/fidelity/manifest-1k/continuations/case_0162.txt	
case_0867	bench/fidelity/manifest-1k/prompts/case_0867.txt	bench/fidelity/manifest-1k/continuations/case_0867.txt	
case_0734	bench/fidelity/manifest-1k/prompts/case_0734.txt	bench/fidelity/manifest-1k/continuations/case_0734.txt	
case_0236	bench/fidelity/manifest-1k/prompts/case_0236.txt	bench/fidelity/manifest-1k/continuations/case_0236.txt	
case_0500	bench/fidelity/manifest-1k/prompts/case_0500.txt	bench/fidelity/manifest-1k/continuations/case_0500.txt	
case_0710	bench/fidelity/manifest-1k/prompts/case_0710.txt	bench/fidelity/manifest-1k/continuations/case_0710.txt	
case_0733	bench/fidelity/manifest-1k/prompts/case_0733.txt	bench/fidelity/manifest-1k/continuations/case_0733.txt	
case_0473	bench/fidelity/manifest-1k/prompts/case_0473.txt	bench/fidelity/manifest-1k/continuations/case_0473.txt	
case_0328	bench/fidelity/manifest-1k/prompts/case_0328.txt	bench/fidelity/manifest-1k/continuations/case_0328.txt	
case_0449	bench/fidelity/manifest-1k/prompts/case_0449.txt	bench/fidelity/manifest-1k/continuations/case_0449.txt	
case_0398	bench/fidelity/manifest-1k/prompts/case_0398.txt	bench/fidelity/manifest-1k/continuations/case_0398.txt	
case_0051	bench/fidelity/manifest-1k/prompts/case_0051.txt	bench/fidelity/manifest-1k/continuations/case_0051.txt	
case_0438	bench/fidelity/manifest-1k/prompts/case_0438.txt	bench/fidelity/manifest-1k/continuations/case_0438.txt	
case_0084	bench/fidelity/manifest-1k/prompts/case_0084.txt	bench/fidelity/manifest-1k/continuations/case_0084.txt	
case_0345	bench/fidelity/manifest-1k/prompts/case_0345.txt	bench/fidelity/manifest-1k/continuations/case_0345.txt	
case_0515	bench/fidelity/manifest-1k/prompts/case_0515.txt	bench/fidelity/manifest-1k/continuations/case_0515.txt	
case_0641	bench/fidelity/manifest-1k/prompts/case_0641.txt	bench/fidelity/manifest-1k/continuations/case_0641.txt	
case_0006	bench/fidelity/manifest-1k/prompts/case_0006.txt	bench/fidelity/manifest-1k/continuations/case_0006.txt	
case_0402	bench/fidelity/manifest-1k/prompts/case_0402.txt	bench/fidelity/manifest-1k/continuations/case_0402.txt	
case_0843	bench/fidelity/manifest-1k/prompts/case_0843.txt	bench/fidelity/manifest-1k/continuations/case_0843.txt	
case_0252	bench/fidelity/manifest-1k/prompts/case_0252.txt	bench/fidelity/manifest-1k/continuations/case_0252.txt	
case_0078	bench/fidelity/manifest-1k/prompts/case_0078.txt	bench/fidelity/manifest-1k/continuations/case_0078.txt	
case_0656	bench/fidelity/manifest-1k/prompts/case_0656.txt	bench/fidelity/manifest-1k/continuations/case_0656.txt	
case_0344	bench/fidelity/manifest-1k/prompts/case_0344.txt	bench/fidelity/manifest-1k/continuations/case_0344.txt	
case_0046	bench/fidelity/manifest-1k/prompts/case_0046.txt	bench/fidelity/manifest-1k/continuations/case_0046.txt	
case_0111	bench/fidelity/manifest-1k/prompts/case_0111.txt	bench/fidelity/manifest-1k/continuations/case_0111.txt	
case_0602	bench/fidelity/manifest-1k/prompts/case_0602.txt	bench/fidelity/manifest-1k/continuations/case_0602.txt	
case_0294	bench/fidelity/manifest-1k/prompts/case_0294.txt	bench/fidelity/manifest-1k/continuations/case_0294.txt	
case_0308	bench/fidelity/manifest-1k/prompts/case_0308.txt	bench/fidelity/manifest-1k/continuations/case_0308.txt	
case_0585	bench/fidelity/manifest-1k/prompts/case_0585.txt	bench/fidelity/manifest-1k/continuations/case_0585.txt	
case_0516	bench/fidelity/manifest-1k/prompts/case_0516.txt	bench/fidelity/manifest-1k/continuations/case_0516.txt	
case_0170	bench/fidelity/manifest-1k/prompts/case_0170.txt	bench/fidelity/manifest-1k/continuations/case_0170.txt	
case_0556	bench/fidelity/manifest-1k/prompts/case_0556.txt	bench/fidelity/manifest-1k/continuations/case_0556.txt	
case_0358	bench/fidelity/manifest-1k/prompts/case_0358.txt	bench/fidelity/manifest-1k/continuations/case_0358.txt	
case_0814	bench/fidelity/manifest-1k/prompts/case_0814.txt	bench/fidelity/manifest-1k/continuations/case_0814.txt	
case_0590	bench/fidelity/manifest-1k/prompts/case_0590.txt	bench/fidelity/manifest-1k/continuations/case_0590.txt	
case_0813	bench/fidelity/manifest-1k/prompts/case_0813.txt	bench/fidelity/manifest-1k/continuations/case_0813.txt	
case_0687	bench/fidelity/manifest-1k/prompts/case_0687.txt	bench/fidelity/manifest-1k/continuations/case_0687.txt	
case_0510	bench/fidelity/manifest-1k/prompts/case_0510.txt	bench/fidelity/manifest-1k/continuations/case_0510.txt	
case_0116	bench/fidelity/manifest-1k/prompts/case_0116.txt	bench/fidelity/manifest-1k/continuations/case_0116.txt	
case_0174	bench/fidelity/manifest-1k/prompts/case_0174.txt	bench/fidelity/manifest-1k/continuations/case_0174.txt	
case_0704	bench/fidelity/manifest-1k/prompts/case_0704.txt	bench/fidelity/manifest-1k/continuations/case_0704.txt	
case_0495	bench/fidelity/manifest-1k/prompts/case_0495.txt	bench/fidelity/manifest-1k/continuations/case_0495.txt	
case_0209	bench/fidelity/manifest-1k/prompts/case_0209.txt	bench/fidelity/manifest-1k/continuations/case_0209.txt	
case_0728	bench/fidelity/manifest-1k/prompts/case_0728.txt	bench/fidelity/manifest-1k/continuations/case_0728.txt	
case_0070	bench/fidelity/manifest-1k/prompts/case_0070.txt	bench/fidelity/manifest-1k/continuations/case_0070.txt	
case_0000	bench/fidelity/manifest-1k/prompts/case_0000.txt	bench/fidelity/manifest-1k/continuations/case_0000.txt	
case_0298	bench/fidelity/manifest-1k/prompts/case_0298.txt	bench/fidelity/manifest-1k/continuations/case_0298.txt	
case_0430	bench/fidelity/manifest-1k/prompts/case_0430.txt	bench/fidelity/manifest-1k/continuations/case_0430.txt	
case_0436	bench/fidelity/manifest-1k/prompts/case_0436.txt	bench/fidelity/manifest-1k/continuations/case_0436.txt	
case_0729	bench/fidelity/manifest-1k/prompts/case_0729.txt	bench/fidelity/manifest-1k/continuations/case_0729.txt	
case_0222	bench/fidelity/manifest-1k/prompts/case_0222.txt	bench/fidelity/manifest-1k/continuations/case_0222.txt	
case_0787	bench/fidelity/manifest-1k/prompts/case_0787.txt	bench/fidelity/manifest-1k/continuations/case_0787.txt	
case_0282	bench/fidelity/manifest-1k/prompts/case_0282.txt	bench/fidelity/manifest-1k/continuations/case_0282.txt	
case_0466	bench/fidelity/manifest-1k/prompts/case_0466.txt	bench/fidelity/manifest-1k/continuations/case_0466.txt	
case_0829	bench/fidelity/manifest-1k/prompts/case_0829.txt	bench/fidelity/manifest-1k/continuations/case_0829.txt	
case_0674	bench/fidelity/manifest-1k/prompts/case_0674.txt	bench/fidelity/manifest-1k/continuations/case_0674.txt	
case_0183	bench/fidelity/manifest-1k/prompts/case_0183.txt	bench/fidelity/manifest-1k/continuations/case_0183.txt	
case_0117	bench/fidelity/manifest-1k/prompts/case_0117.txt	bench/fidelity/manifest-1k/continuations/case_0117.txt	
case_0211	bench/fidelity/manifest-1k/prompts/case_0211.txt	bench/fidelity/manifest-1k/continuations/case_0211.txt	
case_0683	bench/fidelity/manifest-1k/prompts/case_0683.txt	bench/fidelity/manifest-1k/continuations/case_0683.txt	
case_0188	bench/fidelity/manifest-1k/prompts/case_0188.txt	bench/fidelity/manifest-1k/continuations/case_0188.txt	
case_0207	bench/fidelity/manifest-1k/prompts/case_0207.txt	bench/fidelity/manifest-1k/continuations/case_0207.txt	
case_0361	bench/fidelity/manifest-1k/prompts/case_0361.txt	bench/fidelity/manifest-1k/continuations/case_0361.txt	
case_0586	bench/fidelity/manifest-1k/prompts/case_0586.txt	bench/fidelity/manifest-1k/continuations/case_0586.txt	
case_0531	bench/fidelity/manifest-1k/prompts/case_0531.txt	bench/fidelity/manifest-1k/continuations/case_0531.txt	
case_0492	bench/fidelity/manifest-1k/prompts/case_0492.txt	bench/fidelity/manifest-1k/continuations/case_0492.txt	
case_0866	bench/fidelity/manifest-1k/prompts/case_0866.txt	bench/fidelity/manifest-1k/continuations/case_0866.txt	
case_0851	bench/fidelity/manifest-1k/prompts/case_0851.txt	bench/fidelity/manifest-1k/continuations/case_0851.txt	
case_0306	bench/fidelity/manifest-1k/prompts/case_0306.txt	bench/fidelity/manifest-1k/continuations/case_0306.txt	
case_0426	bench/fidelity/manifest-1k/prompts/case_0426.txt	bench/fidelity/manifest-1k/continuations/case_0426.txt	
case_0547	bench/fidelity/manifest-1k/prompts/case_0547.txt	bench/fidelity/manifest-1k/continuations/case_0547.txt	
case_0063	bench/fidelity/manifest-1k/prompts/case_0063.txt	bench/fidelity/manifest-1k/continuations/case_0063.txt	
case_0651	bench/fidelity/manifest-1k/prompts/case_0651.txt	bench/fidelity/manifest-1k/continuations/case_0651.txt	
case_0612	bench/fidelity/manifest-1k/prompts/case_0612.txt	bench/fidelity/manifest-1k/continuations/case_0612.txt	
case_0622	bench/fidelity/manifest-1k/prompts/case_0622.txt	bench/fidelity/manifest-1k/continuations/case_0622.txt	
case_0727	bench/fidelity/manifest-1k/prompts/case_0727.txt	bench/fidelity/manifest-1k/continuations/case_0727.txt	
case_0591	bench/fidelity/manifest-1k/prompts/case_0591.txt	bench/fidelity/manifest-1k/continuations/case_0591.txt	
case_0878	bench/fidelity/manifest-1k/prompts/case_0878.txt	bench/fidelity/manifest-1k/continuations/case_0878.txt	
case_0835	bench/fidelity/manifest-1k/prompts/case_0835.txt	bench/fidelity/manifest-1k/continuations/case_0835.txt	
case_0047	bench/fidelity/manifest-1k/prompts/case_0047.txt	bench/fidelity/manifest-1k/continuations/case_0047.txt	
case_0299	bench/fidelity/manifest-1k/prompts/case_0299.txt	bench/fidelity/manifest-1k/continuations/case_0299.txt	
case_0597	bench/fidelity/manifest-1k/prompts/case_0597.txt	bench/fidelity/manifest-1k/continuations/case_0597.txt	
case_0068	bench/fidelity/manifest-1k/prompts/case_0068.txt	bench/fidelity/manifest-1k/continuations/case_0068.txt	
case_0658	bench/fidelity/manifest-1k/prompts/case_0658.txt	bench/fidelity/manifest-1k/continuations/case_0658.txt	
case_0132	bench/fidelity/manifest-1k/prompts/case_0132.txt	bench/fidelity/manifest-1k/continuations/case_0132.txt	
case_0186	bench/fidelity/manifest-1k/prompts/case_0186.txt	bench/fidelity/manifest-1k/continuations/case_0186.txt	
case_0607	bench/fidelity/manifest-1k/prompts/case_0607.txt	bench/fidelity/manifest-1k/continuations/case_0607.txt	
case_0149	bench/fidelity/manifest-1k/prompts/case_0149.txt	bench/fidelity/manifest-1k/continuations/case_0149.txt	
case_0570	bench/fidelity/manifest-1k/prompts/case_0570.txt	bench/fidelity/manifest-1k/continuations/case_0570.txt	
case_0314	bench/fidelity/manifest-1k/prompts/case_0314.txt	bench/fidelity/manifest-1k/continuations/case_0314.txt	
case_0875	bench/fidelity/manifest-1k/prompts/case_0875.txt	bench/fidelity/manifest-1k/continuations/case_0875.txt	
case_0502	bench/fidelity/manifest-1k/prompts/case_0502.txt	bench/fidelity/manifest-1k/continuations/case_0502.txt	
case_0217	bench/fidelity/manifest-1k/prompts/case_0217.txt	bench/fidelity/manifest-1k/continuations/case_0217.txt	
case_0323	bench/fidelity/manifest-1k/prompts/case_0323.txt	bench/fidelity/manifest-1k/continuations/case_0323.txt	
case_0004	bench/fidelity/manifest-1k/prompts/case_0004.txt	bench/fidelity/manifest-1k/continuations/case_0004.txt	
case_0503	bench/fidelity/manifest-1k/prompts/case_0503.txt	bench/fidelity/manifest-1k/continuations/case_0503.txt	
case_0857	bench/fidelity/manifest-1k/prompts/case_0857.txt	bench/fidelity/manifest-1k/continuations/case_0857.txt	
case_0005	bench/fidelity/manifest-1k/prompts/case_0005.txt	bench/fidelity/manifest-1k/continuations/case_0005.txt	
case_0195	bench/fidelity/manifest-1k/prompts/case_0195.txt	bench/fidelity/manifest-1k/continuations/case_0195.txt	
case_0691	bench/fidelity/manifest-1k/prompts/case_0691.txt	bench/fidelity/manifest-1k/continuations/case_0691.txt	
case_0740	bench/fidelity/manifest-1k/prompts/case_0740.txt	bench/fidelity/manifest-1k/continuations/case_0740.txt	
case_0194	bench/fidelity/manifest-1k/prompts/case_0194.txt	bench/fidelity/manifest-1k/continuations/case_0194.txt	
case_0123	bench/fidelity/manifest-1k/prompts/case_0123.txt	bench/fidelity/manifest-1k/continuations/case_0123.txt	
case_0755	bench/fidelity/manifest-1k/prompts/case_0755.txt	bench/fidelity/manifest-1k/continuations/case_0755.txt	
case_0797	bench/fidelity/manifest-1k/prompts/case_0797.txt	bench/fidelity/manifest-1k/continuations/case_0797.txt	
case_0176	bench/fidelity/manifest-1k/prompts/case_0176.txt	bench/fidelity/manifest-1k/continuations/case_0176.txt	
case_0474	bench/fidelity/manifest-1k/prompts/case_0474.txt	bench/fidelity/manifest-1k/continuations/case_0474.txt	
case_0840	bench/fidelity/manifest-1k/prompts/case_0840.txt	bench/fidelity/manifest-1k/continuations/case_0840.txt	
case_0152	bench/fidelity/manifest-1k/prompts/case_0152.txt	bench/fidelity/manifest-1k/continuations/case_0152.txt	
case_0158	bench/fidelity/manifest-1k/prompts/case_0158.txt	bench/fidelity/manifest-1k/continuations/case_0158.txt	
case_0550	bench/fidelity/manifest-1k/prompts/case_0550.txt	bench/fidelity/manifest-1k/continuations/case_0550.txt	
case_0700	bench/fidelity/manifest-1k/prompts/case_0700.txt	bench/fidelity/manifest-1k/continuations/case_0700.txt	
case_0735	bench/fidelity/manifest-1k/prompts/case_0735.txt	bench/fidelity/manifest-1k/continuations/case_0735.txt	
case_0825	bench/fidelity/manifest-1k/prompts/case_0825.txt	bench/fidelity/manifest-1k/continuations/case_0825.txt	
case_0648	bench/fidelity/manifest-1k/prompts/case_0648.txt	bench/fidelity/manifest-1k/continuations/case_0648.txt	
case_0131	bench/fidelity/manifest-1k/prompts/case_0131.txt	bench/fidelity/manifest-1k/continuations/case_0131.txt	
case_0062	bench/fidelity/manifest-1k/prompts/case_0062.txt	bench/fidelity/manifest-1k/continuations/case_0062.txt	
case_0357	bench/fidelity/manifest-1k/prompts/case_0357.txt	bench/fidelity/manifest-1k/continuations/case_0357.txt	
case_0676	bench/fidelity/manifest-1k/prompts/case_0676.txt	bench/fidelity/manifest-1k/continuations/case_0676.txt	
case_0032	bench/fidelity/manifest-1k/prompts/case_0032.txt	bench/fidelity/manifest-1k/continuations/case_0032.txt	
case_0539	bench/fidelity/manifest-1k/prompts/case_0539.txt	bench/fidelity/manifest-1k/continuations/case_0539.txt	
case_0263	bench/fidelity/manifest-1k/prompts/case_0263.txt	bench/fidelity/manifest-1k/continuations/case_0263.txt	
case_0519	bench/fidelity/manifest-1k/prompts/case_0519.txt	bench/fidelity/manifest-1k/continuations/case_0519.txt	
case_0855	bench/fidelity/manifest-1k/prompts/case_0855.txt	bench/fidelity/manifest-1k/continuations/case_0855.txt	
case_0208	bench/fidelity/manifest-1k/prompts/case_0208.txt	bench/fidelity/manifest-1k/continuations/case_0208.txt	
case_0224	bench/fidelity/manifest-1k/prompts/case_0224.txt	bench/fidelity/manifest-1k/continuations/case_0224.txt	
case_0307	bench/fidelity/manifest-1k/prompts/case_0307.txt	bench/fidelity/manifest-1k/continuations/case_0307.txt	
case_0685	bench/fidelity/manifest-1k/prompts/case_0685.txt	bench/fidelity/manifest-1k/continuations/case_0685.txt	
case_0601	bench/fidelity/manifest-1k/prompts/case_0601.txt	bench/fidelity/manifest-1k/continuations/case_0601.txt	
case_0880	bench/fidelity/manifest-1k/prompts/case_0880.txt	bench/fidelity/manifest-1k/continuations/case_0880.txt	
case_0625	bench/fidelity/manifest-1k/prompts/case_0625.txt	bench/fidelity/manifest-1k/continuations/case_0625.txt	
case_0351	bench/fidelity/manifest-1k/prompts/case_0351.txt	bench/fidelity/manifest-1k/continuations/case_0351.txt	
case_0723	bench/fidelity/manifest-1k/prompts/case_0723.txt	bench/fidelity/manifest-1k/continuations/case_0723.txt	
case_0030	bench/fidelity/manifest-1k/prompts/case_0030.txt	bench/fidelity/manifest-1k/continuations/case_0030.txt	
case_0805	bench/fidelity/manifest-1k/prompts/case_0805.txt	bench/fidelity/manifest-1k/continuations/case_0805.txt	
case_0451	bench/fidelity/manifest-1k/prompts/case_0451.txt	bench/fidelity/manifest-1k/continuations/case_0451.txt	
case_0141	bench/fidelity/manifest-1k/prompts/case_0141.txt	bench/fidelity/manifest-1k/continuations/case_0141.txt	
case_0226	bench/fidelity/manifest-1k/prompts/case_0226.txt	bench/fidelity/manifest-1k/continuations/case_0226.txt	
case_0541	bench/fidelity/manifest-1k/prompts/case_0541.txt	bench/fidelity/manifest-1k/continuations/case_0541.txt	
case_0125	bench/fidelity/manifest-1k/prompts/case_0125.txt	bench/fidelity/manifest-1k/continuations/case_0125.txt	
case_0600	bench/fidelity/manifest-1k/prompts/case_0600.txt	bench/fidelity/manifest-1k/continuations/case_0600.txt	
case_0798	bench/fidelity/manifest-1k/prompts/case_0798.txt	bench/fidelity/manifest-1k/continuations/case_0798.txt	
case_0215	bench/fidelity/manifest-1k/prompts/case_0215.txt	bench/fidelity/manifest-1k/continuations/case_0215.txt	
case_0774	bench/fidelity/manifest-1k/prompts/case_0774.txt	bench/fidelity/manifest-1k/continuations/case_0774.txt	
case_0631	bench/fidelity/manifest-1k/prompts/case_0631.txt	bench/fidelity/manifest-1k/continuations/case_0631.txt	
case_0138	bench/fidelity/manifest-1k/prompts/case_0138.txt	bench/fidelity/manifest-1k/continuations/case_0138.txt	
case_0465	bench/fidelity/manifest-1k/prompts/case_0465.txt	bench/fidelity/manifest-1k/continuations/case_0465.txt	
case_0258	bench/fidelity/manifest-1k/prompts/case_0258.txt	bench/fidelity/manifest-1k/continuations/case_0258.txt	
case_0666	bench/fidelity/manifest-1k/prompts/case_0666.txt	bench/fidelity/manifest-1k/continuations/case_0666.txt	
case_0098	bench/fidelity/manifest-1k/prompts/case_0098.txt	bench/fidelity/manifest-1k/continuations/case_0098.txt	
case_0065	bench/fidelity/manifest-1k/prompts/case_0065.txt	bench/fidelity/manifest-1k/continuations/case_0065.txt	
case_0599	bench/fidelity/manifest-1k/prompts/case_0599.txt	bench/fidelity/manifest-1k/continuations/case_0599.txt	
case_0374	bench/fidelity/manifest-1k/prompts/case_0374.txt	bench/fidelity/manifest-1k/continuations/case_0374.txt	
case_0881	bench/fidelity/manifest-1k/prompts/case_0881.txt	bench/fidelity/manifest-1k/continuations/case_0881.txt	
case_0064	bench/fidelity/manifest-1k/prompts/case_0064.txt	bench/fidelity/manifest-1k/continuations/case_0064.txt	
case_0497	bench/fidelity/manifest-1k/prompts/case_0497.txt	bench/fidelity/manifest-1k/continuations/case_0497.txt	
case_0419	bench/fidelity/manifest-1k/prompts/case_0419.txt	bench/fidelity/manifest-1k/continuations/case_0419.txt	
case_0239	bench/fidelity/manifest-1k/prompts/case_0239.txt	bench/fidelity/manifest-1k/continuations/case_0239.txt	
case_0290	bench/fidelity/manifest-1k/prompts/case_0290.txt	bench/fidelity/manifest-1k/continuations/case_0290.txt	
case_0354	bench/fidelity/manifest-1k/prompts/case_0354.txt	bench/fidelity/manifest-1k/continuations/case_0354.txt	
case_0638	bench/fidelity/manifest-1k/prompts/case_0638.txt	bench/fidelity/manifest-1k/continuations/case_0638.txt	
case_0415	bench/fidelity/manifest-1k/prompts/case_0415.txt	bench/fidelity/manifest-1k/continuations/case_0415.txt	
case_0370	bench/fidelity/manifest-1k/prompts/case_0370.txt	bench/fidelity/manifest-1k/continuations/case_0370.txt	
case_0382	bench/fidelity/manifest-1k/prompts/case_0382.txt	bench/fidelity/manifest-1k/continuations/case_0382.txt	
case_0359	bench/fidelity/manifest-1k/prompts/case_0359.txt	bench/fidelity/manifest-1k/continuations/case_0359.txt	
case_0089	bench/fidelity/manifest-1k/prompts/case_0089.txt	bench/fidelity/manifest-1k/continuations/case_0089.txt	
case_0316	bench/fidelity/manifest-1k/prompts/case_0316.txt	bench/fidelity/manifest-1k/continuations/case_0316.txt	
case_0471	bench/fidelity/manifest-1k/prompts/case_0471.txt	bench/fidelity/manifest-1k/continuations/case_0471.txt	
case_0202	bench/fidelity/manifest-1k/prompts/case_0202.txt	bench/fidelity/manifest-1k/continuations/case_0202.txt	
case_0477	bench/fidelity/manifest-1k/prompts/case_0477.txt	bench/fidelity/manifest-1k/continuations/case_0477.txt	
case_0013	bench/fidelity/manifest-1k/prompts/case_0013.txt	bench/fidelity/manifest-1k/continuations/case_0013.txt	
case_0010	bench/fidelity/manifest-1k/prompts/case_0010.txt	bench/fidelity/manifest-1k/continuations/case_0010.txt	
case_0809	bench/fidelity/manifest-1k/prompts/case_0809.txt	bench/fidelity/manifest-1k/continuations/case_0809.txt	
case_0231	bench/fidelity/manifest-1k/prompts/case_0231.txt	bench/fidelity/manifest-1k/continuations/case_0231.txt	
case_0665	bench/fidelity/manifest-1k/prompts/case_0665.txt	bench/fidelity/manifest-1k/continuations/case_0665.txt	
case_0105	bench/fidelity/manifest-1k/prompts/case_0105.txt	bench/fidelity/manifest-1k/continuations/case_0105.txt	
case_0553	bench/fidelity/manifest-1k/prompts/case_0553.txt	bench/fidelity/manifest-1k/continuations/case_0553.txt	
case_0397	bench/fidelity/manifest-1k/prompts/case_0397.txt	bench/fidelity/manifest-1k/continuations/case_0397.txt	
case_0315	bench/fidelity/manifest-1k/prompts/case_0315.txt	bench/fidelity/manifest-1k/continuations/case_0315.txt	
case_0079	bench/fidelity/manifest-1k/prompts/case_0079.txt	bench/fidelity/manifest-1k/continuations/case_0079.txt	
case_0699	bench/fidelity/manifest-1k/prompts/case_0699.txt	bench/fidelity/manifest-1k/continuations/case_0699.txt	
case_0445	bench/fidelity/manifest-1k/prompts/case_0445.txt	bench/fidelity/manifest-1k/continuations/case_0445.txt	
case_0339	bench/fidelity/manifest-1k/prompts/case_0339.txt	bench/fidelity/manifest-1k/continuations/case_0339.txt	
case_0575	bench/fidelity/manifest-1k/prompts/case_0575.txt	bench/fidelity/manifest-1k/continuations/case_0575.txt	
case_0405	bench/fidelity/manifest-1k/prompts/case_0405.txt	bench/fidelity/manifest-1k/continuations/case_0405.txt	
case_0101	bench/fidelity/manifest-1k/prompts/case_0101.txt	bench/fidelity/manifest-1k/continuations/case_0101.txt	
